"Date","Occurences"
"2021-02-25","22"
"2021-02-25","2"
"2021-02-25","11"
"2021-02-25","5"
"2021-02-25","21"
"2021-02-25","27"
"2021-02-24","2"
"2021-02-24","4"
"2021-02-24","0"
"2021-02-23","6"
"2021-02-23","4"
"2021-02-23","62"
"2021-02-23","7"
"2021-02-23","4"
"2021-02-23","0"
"2021-02-23","0"
"2021-02-23","3"
"2021-02-22","2"
"2021-02-22","5"
"2021-02-22","8"
"2021-02-21","18"
"2021-02-21","14"
"2021-02-21","2"
"2021-02-20","2"
"2021-02-19","6"
"2021-02-19","6"
"2021-02-19","2"
"2021-02-19","4"
"2021-02-19","11"
"2021-02-19","12"
"2021-02-18","19"
"2021-02-18","6"
"2021-02-18","2"
"2021-02-18","0"
"2021-02-18","5"
"2021-02-17","9"
"2021-02-17","51"
"2021-02-17","4"
"2021-02-17","7"
"2021-02-17","6"
"2021-02-17","3"
"2021-02-16","20"
"2021-02-16","4"
"2021-02-16","4"
"2021-02-16","2"
"2021-02-16","14"
"2021-02-15","2"
"2021-02-15","4"
"2021-02-15","41"
"2021-02-15","3"
"2021-02-15","3"
"2021-02-15","11"
"2021-02-14","2"
"2021-02-14","18"
"2021-02-14","8"
"2021-02-14","1"
"2021-02-13","12"
"2021-02-13","2"
"2021-02-12","2"
"2021-02-12","61"
"2021-02-12","4"
"2021-02-12","2"
"2021-02-12","4"
"2021-02-12","23"
"2021-02-12","0"
"2021-02-12","7"
"2021-02-11","0"
"2021-02-11","2"
"2021-02-11","0"
"2021-02-10","2"
"2021-02-10","15"
"2021-02-10","7"
"2021-02-10","9"
"2021-02-09","16"
"2021-02-09","19"
"2021-02-09","10"
"2021-02-08","15"
"2021-02-08","10"
"2021-02-07","14"
"2021-02-07","2"
"2021-02-07","2"
"2021-02-07","9"
"2021-02-07","5"
"2021-02-07","3"
"2021-02-06","2"
"2021-02-05","3"
"2021-02-05","6"
"2021-02-05","12"
"2021-02-04","2"
"2021-02-04","2"
"2021-02-04","19"
"2021-02-04","12"
"2021-02-04","0"
"2021-02-04","0"
"2021-02-04","2"
"2021-02-03","2"
"2021-02-03","16"
"2021-02-03","5"
"2021-02-03","9"
"2021-02-03","0"
"2021-02-03","0"
"2021-02-03","2"
"2021-02-03","6"
"2021-02-03","14"
"2021-02-03","0"
"2021-02-02","6"
"2021-02-02","5"
"2021-02-01","6"
"2021-02-01","22"
"2021-02-01","3"
"2021-01-31","8"
"2021-01-31","5"
"2021-01-31","2"
"2021-01-31","0"
"2021-01-31","3"
"2021-01-31","4"
"2021-01-30","2"
"2021-01-30","14"
"2021-01-29","15"
"2021-01-29","18"
"2021-01-29","9"
"2021-01-29","6"
"2021-01-29","17"
"2021-01-28","20"
"2021-01-28","56"
"2021-01-28","9"
"2021-01-27","9"
"2021-01-27","16"
"2021-01-27","3"
"2021-01-27","6"
"2021-01-26","3"
"2021-01-26","41"
"2021-01-26","5"
"2021-01-26","4"
"2021-01-26","3"
"2021-01-25","3"
"2021-01-25","9"
"2021-01-25","28"
"2021-01-25","5"
"2021-01-25","4"
"2021-01-25","5"
"2021-01-25","10"
"2021-01-24","11"
"2021-01-24","1"
"2021-01-24","8"
"2021-01-23","2"
"2021-01-23","2"
"2021-01-23","4"
"2021-01-22","11"
"2021-01-22","23"
"2021-01-22","5"
"2021-01-22","20"
"2021-01-22","2"
"2021-01-21","19"
"2021-01-20","44"
"2021-01-20","2"
"2021-01-20","3"
"2021-01-20","11"
"2021-01-19","44"
"2021-01-19","5"
"2021-01-19","2"
"2021-01-19","21"
"2021-01-18","2"
"2021-01-18","26"
"2021-01-18","71"
"2021-01-18","2"
"2021-01-17","6"
"2021-01-17","1"
"2021-01-17","1"
"2021-01-17","1"
"2021-01-16","2"
"2021-01-15","2"
"2021-01-15","6"
"2021-01-15","55"
"2021-01-15","3"
"2021-01-15","3"
"2021-01-15","7"
"2021-01-15","11"
"2021-01-15","17"
"2021-01-15","10"
"2021-01-14","23"
"2021-01-14","0"
"2021-01-13","22"
"2021-01-13","6"
"2021-01-12","9"
"2021-01-12","2"
"2021-01-12","7"
"2021-01-12","10"
"2021-01-11","2"
"2021-01-11","3"
"2021-01-11","7"
"2021-01-11","2"
"2021-01-10","10"
"2021-01-10","14"
"2021-01-10","4"
"2021-01-09","2"
"2021-01-09","9"
"2021-01-08","35"
"2021-01-08","3"
"2021-01-08","2"
"2021-01-08","2"
"2021-01-07","4"
"2021-01-07","19"
"2021-01-07","6"
"2021-01-07","2"
"2021-01-06","3"
"2021-01-06","5"
"2021-01-05","9"
"2021-01-05","10"
"2021-01-05","30"
"2021-01-05","1"
"2021-01-05","2"
"2021-01-04","8"
"2021-01-03","7"
"2021-01-03","13"
"2021-01-03","2"
"2021-01-03","0"
"2021-01-02","1"
"2021-01-01","1"
"2021-01-01","24"
"2020-12-31","6"
"2020-12-31","14"
"2020-12-30","9"
"2020-12-29","20"
"2020-12-29","2"
"2020-12-29","1"
"2020-12-29","2"
"2020-12-29","3"
"2020-12-28","1"
"2020-12-28","3"
"2020-12-27","6"
"2020-12-27","5"
"2020-12-27","8"
"2020-12-27","8"
"2020-12-27","10"
"2020-12-26","10"
"2020-12-25","2"
"2020-12-24","2"
"2020-12-24","38"
"2020-12-23","6"
"2020-12-23","5"
"2020-12-23","14"
"2020-12-22","1"
"2020-12-22","31"
"2020-12-22","14"
"2020-12-22","7"
"2020-12-22","16"
"2020-12-22","2"
"2020-12-21","3"
"2020-12-21","9"
"2020-12-20","2"
"2020-12-20","7"
"2020-12-20","25"
"2020-12-20","4"
"2020-12-20","11"
"2020-12-19","4"
"2020-12-19","2"
"2020-12-18","14"
"2020-12-18","2"
"2020-12-17","8"
"2020-12-17","18"
"2020-12-17","4"
"2020-12-17","2"
"2020-12-17","23"
"2020-12-16","11"
"2020-12-16","6"
"2020-12-16","3"
"2020-12-16","2"
"2020-12-15","12"
"2020-12-15","2"
"2020-12-15","6"
"2020-12-15","2"
"2020-12-15","2"
"2020-12-15","5"
"2020-12-14","1"
"2020-12-14","39"
"2020-12-14","3"
"2020-12-14","5"
"2020-12-14","6"
"2020-12-13","3"
"2020-12-13","2"
"2020-12-13","0"
"2020-12-13","11"
"2020-12-13","5"
"2020-12-13","3"
"2020-12-13","5"
"2020-12-12","1"
"2020-12-12","0"
"2020-12-11","14"
"2020-12-11","0"
"2020-12-10","31"
"2020-12-10","0"
"2020-12-10","3"
"2020-12-10","11"
"2020-12-10","10"
"2020-12-09","22"
"2020-12-09","26"
"2020-12-09","3"
"2020-12-09","2"
"2020-12-09","2"
"2020-12-09","5"
"2020-12-09","31"
"2020-12-08","25"
"2020-12-08","1"
"2020-12-08","1"
"2020-12-08","8"
"2020-12-07","19"
"2020-12-07","1"
"2020-12-07","2"
"2020-12-07","7"
"2020-12-07","1"
"2020-12-07","8"
"2020-12-06","0"
"2020-12-06","14"
"2020-12-06","2"
"2020-12-06","11"
"2020-12-05","2"
"2020-12-05","8"
"2020-12-04","22"
"2020-12-04","3"
"2020-12-04","3"
"2020-12-03","36"
"2020-12-02","0"
"2020-12-02","2"
"2020-12-02","3"
"2020-12-01","3"
"2020-12-01","54"
"2020-12-01","4"
"2020-12-01","7"
"2020-11-30","19"
"2020-11-30","2"
"2020-11-30","9"
"2020-11-30","2"
"2020-11-30","2"
"2020-11-30","2"
"2020-11-30","7"
"2020-11-30","2"
"2020-11-29","4"
"2020-11-29","7"
"2020-11-29","2"
"2020-11-29","8"
"2020-11-28","11"
"2020-11-27","0"
"2020-11-27","6"
"2020-11-27","4"
"2020-11-27","2"
"2020-11-27","7"
"2020-11-27","5"
"2020-11-27","19"
"2020-11-26","10"
"2020-11-26","15"
"2020-11-26","19"
"2020-11-26","11"
"2020-11-26","7"
"2020-11-26","7"
"2020-11-25","9"
"2020-11-25","4"
"2020-11-25","1"
"2020-11-25","123"
"2020-11-25","8"
"2020-11-25","15"
"2020-11-25","4"
"2020-11-25","9"
"2020-11-25","4"
"2020-11-25","71"
"2020-11-25","22"
"2020-11-25","5"
"2020-11-25","9"
"2020-11-25","2"
"2020-11-25","32"
"2020-11-25","2"
"2020-11-24","30"
"2020-11-24","4"
"2020-11-24","4"
"2020-11-24","3"
"2020-11-24","10"
"2020-11-23","53"
"2020-11-23","11"
"2020-11-23","3"
"2020-11-23","8"
"2020-11-23","17"
"2020-11-22","9"
"2020-11-22","13"
"2020-11-22","19"
"2020-11-22","3"
"2020-11-21","4"
"2020-11-21","4"
"2020-11-21","3"
"2020-11-21","4"
"2020-11-21","2"
"2020-11-20","7"
"2020-11-20","102"
"2020-11-20","3"
"2020-11-20","2"
"2020-11-20","5"
"2020-11-19","28"
"2020-11-19","2"
"2020-11-19","16"
"2020-11-19","7"
"2020-11-19","2"
"2020-11-18","2"
"2020-11-18","24"
"2020-11-18","2"
"2020-11-18","4"
"2020-11-18","4"
"2020-11-17","4"
"2020-11-17","15"
"2020-11-16","6"
"2020-11-16","24"
"2020-11-16","3"
"2020-11-16","1"
"2020-11-16","4"
"2020-11-16","16"
"2020-11-15","4"
"2020-11-15","3"
"2020-11-15","18"
"2020-11-15","23"
"2020-11-14","0"
"2020-11-14","10"
"2020-11-13","16"
"2020-11-13","5"
"2020-11-12","68"
"2020-11-12","9"
"2020-11-12","14"
"2020-11-12","4"
"2020-11-11","32"
"2020-11-11","9"
"2020-11-11","5"
"2020-11-10","16"
"2020-11-10","2"
"2020-11-10","1"
"2020-11-10","4"
"2020-11-10","2"
"2020-11-09","7"
"2020-11-09","0"
"2020-11-09","11"
"2020-11-09","9"
"2020-11-08","2"
"2020-11-08","22"
"2020-11-08","4"
"2020-11-07","5"
"2020-11-07","16"
"2020-11-06","47"
"2020-11-06","14"
"2020-11-06","2"
"2020-11-06","2"
"2020-11-06","3"
"2020-11-05","90"
"2020-11-05","6"
"2020-11-05","0"
"2020-11-05","13"
"2020-11-05","5"
"2020-11-05","6"
"2020-11-05","2"
"2020-11-05","16"
"2020-11-05","6"
"2020-11-04","48"
"2020-11-04","12"
"2020-11-04","14"
"2020-11-04","1"
"2020-11-03","30"
"2020-11-03","0"
"2020-11-02","23"
"2020-11-02","1"
"2020-11-02","4"
"2020-11-02","4"
"2020-11-01","7"
"2020-11-01","12"
"2020-11-01","20"
"2020-11-01","4"
"2020-11-01","3"
"2020-11-01","1"
"2020-10-31","4"
"2020-10-31","2"
"2020-10-30","4"
"2020-10-30","4"
"2020-10-30","4"
"2020-10-30","2"
"2020-10-30","4"
"2020-10-30","0"
"2020-10-30","6"
"2020-10-30","6"
"2020-10-30","6"
"2020-10-29","12"
"2020-10-29","123"
"2020-10-29","5"
"2020-10-29","2"
"2020-10-29","17"
"2020-10-29","6"
"2020-10-29","11"
"2020-10-29","3"
"2020-10-29","4"
"2020-10-29","4"
"2020-10-29","2"
"2020-10-28","12"
"2020-10-28","18"
"2020-10-28","1"
"2020-10-28","0"
"2020-10-28","4"
"2020-10-28","4"
"2020-10-28","22"
"2020-10-28","4"
"2020-10-27","4"
"2020-10-27","14"
"2020-10-27","4"
"2020-10-27","26"
"2020-10-27","0"
"2020-10-26","2"
"2020-10-26","3"
"2020-10-26","1"
"2020-10-25","4"
"2020-10-24","1"
"2020-10-24","2"
"2020-10-23","2"
"2020-10-23","3"
"2020-10-23","4"
"2020-10-22","2"
"2020-10-22","3"
"2020-10-22","14"
"2020-10-22","22"
"2020-10-22","2"
"2020-10-22","10"
"2020-10-22","2"
"2020-10-21","2"
"2020-10-21","8"
"2020-10-21","26"
"2020-10-21","7"
"2020-10-21","13"
"2020-10-21","19"
"2020-10-21","12"
"2020-10-21","0"
"2020-10-20","0"
"2020-10-20","60"
"2020-10-20","12"
"2020-10-20","9"
"2020-10-20","11"
"2020-10-20","0"
"2020-10-19","16"
"2020-10-19","3"
"2020-10-19","6"
"2020-10-19","3"
"2020-10-19","1"
"2020-10-18","7"
"2020-10-18","0"
"2020-10-18","5"
"2020-10-18","15"
"2020-10-17","0"
"2020-10-16","1"
"2020-10-16","5"
"2020-10-15","1"
"2020-10-15","40"
"2020-10-15","10"
"2020-10-14","10"
"2020-10-14","3"
"2020-10-14","7"
"2020-10-14","40"
"2020-10-14","5"
"2020-10-13","6"
"2020-10-13","6"
"2020-10-13","54"
"2020-10-13","4"
"2020-10-13","24"
"2020-10-13","4"
"2020-10-13","2"
"2020-10-13","2"
"2020-10-13","26"
"2020-10-12","5"
"2020-10-12","21"
"2020-10-12","2"
"2020-10-12","20"
"2020-10-12","2"
"2020-10-11","10"
"2020-10-11","2"
"2020-10-11","10"
"2020-10-11","2"
"2020-10-11","8"
"2020-10-10","15"
"2020-10-10","3"
"2020-10-09","2"
"2020-10-09","2"
"2020-10-09","40"
"2020-10-09","6"
"2020-10-09","4"
"2020-10-08","41"
"2020-10-08","0"
"2020-10-07","9"
"2020-10-07","10"
"2020-10-07","2"
"2020-10-07","57"
"2020-10-07","9"
"2020-10-07","8"
"2020-10-07","21"
"2020-10-06","2"
"2020-10-06","0"
"2020-10-06","13"
"2020-10-06","65"
"2020-10-06","13"
"2020-10-06","4"
"2020-10-05","2"
"2020-10-05","20"
"2020-10-05","8"
"2020-10-05","16"
"2020-10-05","17"
"2020-10-05","0"
"2020-10-04","4"
"2020-10-04","3"
"2020-10-04","2"
"2020-10-02","6"
"2020-10-02","10"
"2020-10-02","1"
"2020-10-02","13"
"2020-10-01","0"
"2020-10-01","2"
"2020-10-01","15"
"2020-10-01","2"
"2020-10-01","14"
"2020-10-01","17"
"2020-10-01","2"
"2020-09-30","2"
"2020-09-30","27"
"2020-09-30","4"
"2020-09-30","19"
"2020-09-30","3"
"2020-09-30","2"
"2020-09-29","2"
"2020-09-29","24"
"2020-09-29","6"
"2020-09-29","49"
"2020-09-29","8"
"2020-09-29","6"
"2020-09-29","4"
"2020-09-29","17"
"2020-09-29","31"
"2020-09-29","2"
"2020-09-28","5"
"2020-09-28","40"
"2020-09-27","6"
"2020-09-27","3"
"2020-09-27","3"
"2020-09-27","5"
"2020-09-27","6"
"2020-09-26","3"
"2020-09-26","8"
"2020-09-26","3"
"2020-09-25","7"
"2020-09-25","16"
"2020-09-25","2"
"2020-09-25","4"
"2020-09-25","3"
"2020-09-24","1"
"2020-09-24","7"
"2020-09-24","5"
"2020-09-24","26"
"2020-09-24","5"
"2020-09-24","3"
"2020-09-24","1"
"2020-09-24","2"
"2020-09-24","9"
"2020-09-23","69"
"2020-09-23","5"
"2020-09-23","8"
"2020-09-23","9"
"2020-09-22","4"
"2020-09-22","10"
"2020-09-22","2"
"2020-09-22","0"
"2020-09-22","2"
"2020-09-22","4"
"2020-09-22","9"
"2020-09-20","3"
"2020-09-20","19"
"2020-09-20","2"
"2020-09-20","8"
"2020-09-19","3"
"2020-09-18","7"
"2020-09-18","1"
"2020-09-18","13"
"2020-09-18","4"
"2020-09-17","8"
"2020-09-17","3"
"2020-09-17","7"
"2020-09-16","0"
"2020-09-16","99"
"2020-09-16","4"
"2020-09-16","6"
"2020-09-16","4"
"2020-09-16","3"
"2020-09-16","1"
"2020-09-16","1"
"2020-09-15","20"
"2020-09-15","6"
"2020-09-15","1"
"2020-09-15","9"
"2020-09-14","9"
"2020-09-13","4"
"2020-09-12","10"
"2020-09-12","14"
"2020-09-11","58"
"2020-09-11","4"
"2020-09-11","4"
"2020-09-11","11"
"2020-09-11","3"
"2020-09-11","24"
"2020-09-11","22"
"2020-09-10","48"
"2020-09-10","2"
"2020-09-10","8"
"2020-09-10","13"
"2020-09-10","6"
"2020-09-10","3"
"2020-09-09","12"
"2020-09-08","8"
"2020-09-08","6"
"2020-09-08","14"
"2020-09-08","4"
"2020-09-07","6"
"2020-09-07","2"
"2020-09-07","3"
"2020-09-06","4"
"2020-09-06","9"
"2020-09-06","6"
"2020-09-06","22"
"2020-09-06","2"
"2020-09-05","3"
"2020-09-05","2"
"2020-09-04","8"
"2020-09-04","7"
"2020-09-04","0"
"2020-09-04","35"
"2020-09-04","1"
"2020-09-04","5"
"2020-09-04","9"
"2020-09-04","1"
"2020-09-04","2"
"2020-09-03","10"
"2020-09-03","1"
"2020-09-03","1"
"2020-09-03","3"
"2020-09-03","11"
"2020-09-03","1"
"2020-09-02","59"
"2020-09-02","4"
"2020-09-02","5"
"2020-09-02","6"
"2020-09-01","14"
"2020-09-01","5"
"2020-09-01","18"
"2020-09-01","16"
"2020-09-01","2"
"2020-09-01","1"
"2020-08-31","4"
"2020-08-31","0"
"2020-08-31","0"
"2020-08-31","1"
"2020-08-31","5"
"2020-08-30","9"
"2020-08-30","19"
"2020-08-30","7"
"2020-08-30","11"
"2020-08-29","2"
"2020-08-29","3"
"2020-08-28","11"
"2020-08-28","41"
"2020-08-28","3"
"2020-08-28","11"
"2020-08-28","0"
"2020-08-27","5"
"2020-08-27","38"
"2020-08-27","2"
"2020-08-26","36"
"2020-08-26","12"
"2020-08-26","10"
"2020-08-26","2"
"2020-08-26","5"
"2020-08-26","13"
"2020-08-25","21"
"2020-08-25","11"
"2020-08-24","20"
"2020-08-24","3"
"2020-08-24","6"
"2020-08-24","28"
"2020-08-24","13"
"2020-08-24","0"
"2020-08-23","13"
"2020-08-23","21"
"2020-08-23","4"
"2020-08-22","7"
"2020-08-21","34"
"2020-08-21","3"
"2020-08-21","5"
"2020-08-21","4"
"2020-08-21","14"
"2020-08-20","3"
"2020-08-20","37"
"2020-08-20","0"
"2020-08-19","13"
"2020-08-19","34"
"2020-08-19","8"
"2020-08-19","1"
"2020-08-19","7"
"2020-08-19","7"
"2020-08-18","12"
"2020-08-18","7"
"2020-08-18","16"
"2020-08-18","0"
"2020-08-18","7"
"2020-08-18","1"
"2020-08-17","58"
"2020-08-17","11"
"2020-08-17","2"
"2020-08-17","12"
"2020-08-16","0"
"2020-08-16","13"
"2020-08-16","8"
"2020-08-16","4"
"2020-08-16","2"
"2020-08-16","16"
"2020-08-15","7"
"2020-08-15","0"
"2020-08-15","8"
"2020-08-14","48"
"2020-08-14","11"
"2020-08-13","14"
"2020-08-13","2"
"2020-08-13","20"
"2020-08-13","4"
"2020-08-13","3"
"2020-08-13","3"
"2020-08-13","2"
"2020-08-12","3"
"2020-08-12","83"
"2020-08-12","20"
"2020-08-12","2"
"2020-08-12","5"
"2020-08-12","9"
"2020-08-12","4"
"2020-08-12","3"
"2020-08-12","3"
"2020-08-12","5"
"2020-08-11","0"
"2020-08-11","6"
"2020-08-11","20"
"2020-08-11","22"
"2020-08-11","16"
"2020-08-10","13"
"2020-08-10","4"
"2020-08-10","2"
"2020-08-09","2"
"2020-08-09","5"
"2020-08-09","2"
"2020-08-09","4"
"2020-08-09","9"
"2020-08-09","4"
"2020-08-08","19"
"2020-08-07","2"
"2020-08-06","38"
"2020-08-06","13"
"2020-08-06","11"
"2020-08-06","3"
"2020-08-06","9"
"2020-08-06","8"
"2020-08-06","2"
"2020-08-06","2"
"2020-08-06","16"
"2020-08-06","4"
"2020-08-06","2"
"2020-08-05","2"
"2020-08-05","18"
"2020-08-05","8"
"2020-08-05","4"
"2020-08-04","18"
"2020-08-04","8"
"2020-08-03","0"
"2020-08-03","2"
"2020-08-03","6"
"2020-08-02","14"
"2020-08-02","5"
"2020-08-01","7"
"2020-08-01","0"
"2020-07-31","3"
"2020-07-31","43"
"2020-07-31","9"
"2020-07-31","4"
"2020-07-30","1"
"2020-07-30","2"
"2020-07-30","6"
"2020-07-30","3"
"2020-07-30","10"
"2020-07-30","5"
"2020-07-30","16"
"2020-07-30","1"
"2020-07-30","13"
"2020-07-30","7"
"2020-07-29","1"
"2020-07-29","5"
"2020-07-28","0"
"2020-07-28","7"
"2020-07-28","2"
"2020-07-28","4"
"2020-07-28","1"
"2020-07-27","0"
"2020-07-27","4"
"2020-07-27","16"
"2020-07-27","15"
"2020-07-26","9"
"2020-07-26","14"
"2020-07-26","15"
"2020-07-26","6"
"2020-07-26","10"
"2020-07-26","4"
"2020-07-25","4"
"2020-07-24","0"
"2020-07-24","4"
"2020-07-24","3"
"2020-07-24","3"
"2020-07-24","2"
"2020-07-24","39"
"2020-07-24","1"
"2020-07-24","6"
"2020-07-24","15"
"2020-07-23","42"
"2020-07-23","1"
"2020-07-23","0"
"2020-07-23","1"
"2020-07-23","14"
"2020-07-23","2"
"2020-07-23","2"
"2020-07-23","16"
"2020-07-22","10"
"2020-07-22","4"
"2020-07-22","18"
"2020-07-22","11"
"2020-07-22","0"
"2020-07-21","2"
"2020-07-21","3"
"2020-07-21","21"
"2020-07-21","28"
"2020-07-21","7"
"2020-07-21","14"
"2020-07-21","2"
"2020-07-21","6"
"2020-07-21","3"
"2020-07-21","2"
"2020-07-20","9"
"2020-07-20","24"
"2020-07-20","2"
"2020-07-20","1"
"2020-07-20","8"
"2020-07-19","11"
"2020-07-19","2"
"2020-07-18","9"
"2020-07-18","5"
"2020-07-17","2"
"2020-07-17","9"
"2020-07-17","2"
"2020-07-17","7"
"2020-07-16","6"
"2020-07-16","28"
"2020-07-16","20"
"2020-07-16","2"
"2020-07-16","2"
"2020-07-16","1"
"2020-07-16","10"
"2020-07-16","8"
"2020-07-15","21"
"2020-07-15","88"
"2020-07-15","0"
"2020-07-15","2"
"2020-07-15","4"
"2020-07-14","30"
"2020-07-14","21"
"2020-07-14","20"
"2020-07-14","22"
"2020-07-14","85"
"2020-07-14","8"
"2020-07-14","7"
"2020-07-14","0"
"2020-07-14","3"
"2020-07-14","1"
"2020-07-14","3"
"2020-07-14","20"
"2020-07-14","2"
"2020-07-13","2"
"2020-07-13","36"
"2020-07-13","1"
"2020-07-13","12"
"2020-07-13","9"
"2020-07-12","0"
"2020-07-12","9"
"2020-07-12","2"
"2020-07-12","2"
"2020-07-12","0"
"2020-07-12","5"
"2020-07-11","2"
"2020-07-11","2"
"2020-07-10","8"
"2020-07-10","6"
"2020-07-09","36"
"2020-07-09","1"
"2020-07-09","16"
"2020-07-09","19"
"2020-07-09","2"
"2020-07-09","15"
"2020-07-08","4"
"2020-07-08","2"
"2020-07-08","4"
"2020-07-08","10"
"2020-07-08","2"
"2020-07-08","57"
"2020-07-08","3"
"2020-07-08","2"
"2020-07-08","9"
"2020-07-08","3"
"2020-07-08","2"
"2020-07-08","3"
"2020-07-08","14"
"2020-07-08","22"
"2020-07-08","10"
"2020-07-08","5"
"2020-07-08","19"
"2020-07-07","1"
"2020-07-07","2"
"2020-07-07","5"
"2020-07-07","10"
"2020-07-06","7"
"2020-07-06","3"
"2020-07-06","1"
"2020-07-05","2"
"2020-07-05","4"
"2020-07-05","11"
"2020-07-05","3"
"2020-07-05","17"
"2020-07-05","7"
"2020-07-04","7"
"2020-07-04","9"
"2020-07-04","3"
"2020-07-03","0"
"2020-07-03","20"
"2020-07-02","0"
"2020-07-02","6"
"2020-07-02","2"
"2020-07-02","39"
"2020-07-02","7"
"2020-07-02","14"
"2020-07-01","6"
"2020-07-01","34"
"2020-06-30","4"
"2020-06-30","2"
"2020-06-30","4"
"2020-06-30","38"
"2020-06-30","12"
"2020-06-30","5"
"2020-06-30","17"
"2020-06-30","20"
"2020-06-30","13"
"2020-06-30","6"
"2020-06-30","12"
"2020-06-30","2"
"2020-06-30","7"
"2020-06-30","9"
"2020-06-29","28"
"2020-06-29","5"
"2020-06-29","5"
"2020-06-29","3"
"2020-06-29","3"
"2020-06-29","6"
"2020-06-28","5"
"2020-06-28","5"
"2020-06-28","5"
"2020-06-28","12"
"2020-06-28","12"
"2020-06-27","2"
"2020-06-26","22"
"2020-06-26","4"
"2020-06-25","24"
"2020-06-25","13"
"2020-06-25","3"
"2020-06-25","6"
"2020-06-24","14"
"2020-06-24","0"
"2020-06-24","2"
"2020-06-24","13"
"2020-06-24","7"
"2020-06-24","7"
"2020-06-24","28"
"2020-06-23","1"
"2020-06-23","36"
"2020-06-23","8"
"2020-06-23","2"
"2020-06-23","3"
"2020-06-22","6"
"2020-06-22","3"
"2020-06-22","1"
"2020-06-22","23"
"2020-06-21","8"
"2020-06-21","4"
"2020-06-21","13"
"2020-06-21","2"
"2020-06-20","7"
"2020-06-19","4"
"2020-06-19","2"
"2020-06-19","32"
"2020-06-19","7"
"2020-06-19","2"
"2020-06-19","8"
"2020-06-19","14"
"2020-06-19","6"
"2020-06-18","4"
"2020-06-18","3"
"2020-06-18","15"
"2020-06-18","7"
"2020-06-17","2"
"2020-06-17","3"
"2020-06-17","7"
"2020-06-17","5"
"2020-06-16","2"
"2020-06-16","10"
"2020-06-16","9"
"2020-06-16","8"
"2020-06-16","49"
"2020-06-16","7"
"2020-06-16","4"
"2020-06-16","3"
"2020-06-15","2"
"2020-06-15","5"
"2020-06-15","9"
"2020-06-15","2"
"2020-06-15","21"
"2020-06-15","8"
"2020-06-15","2"
"2020-06-15","0"
"2020-06-15","11"
"2020-06-14","4"
"2020-06-14","10"
"2020-06-14","9"
"2020-06-14","11"
"2020-06-14","2"
"2020-06-14","4"
"2020-06-12","1"
"2020-06-12","3"
"2020-06-12","3"
"2020-06-12","3"
"2020-06-12","28"
"2020-06-11","0"
"2020-06-11","2"
"2020-06-11","25"
"2020-06-11","4"
"2020-06-11","1"
"2020-06-11","10"
"2020-06-10","6"
"2020-06-10","52"
"2020-06-10","4"
"2020-06-10","3"
"2020-06-09","11"
"2020-06-09","2"
"2020-06-09","1"
"2020-06-09","7"
"2020-06-08","1"
"2020-06-08","9"
"2020-06-08","3"
"2020-06-08","6"
"2020-06-08","3"
"2020-06-07","1"
"2020-06-07","7"
"2020-06-07","8"
"2020-06-06","2"
"2020-06-06","2"
"2020-06-06","2"
"2020-06-05","6"
"2020-06-05","28"
"2020-06-05","8"
"2020-06-05","8"
"2020-06-04","22"
"2020-06-04","4"
"2020-06-04","8"
"2020-06-04","11"
"2020-06-04","4"
"2020-06-04","8"
"2020-06-04","14"
"2020-06-04","2"
"2020-06-03","8"
"2020-06-03","6"
"2020-06-03","4"
"2020-06-03","17"
"2020-06-03","6"
"2020-06-02","6"
"2020-06-02","5"
"2020-06-02","5"
"2020-06-01","8"
"2020-06-01","0"
"2020-06-01","8"
"2020-06-01","2"
"2020-06-01","1"
"2020-06-01","11"
"2020-06-01","12"
"2020-06-01","18"
"2020-06-01","1"
"2020-06-01","8"
"2020-05-31","6"
"2020-05-31","6"
"2020-05-31","4"
"2020-05-29","2"
"2020-05-29","7"
"2020-05-29","2"
"2020-05-29","32"
"2020-05-29","9"
"2020-05-29","1"
"2020-05-29","8"
"2020-05-29","10"
"2020-05-28","5"
"2020-05-28","1"
"2020-05-28","5"
"2020-05-28","11"
"2020-05-28","12"
"2020-05-28","5"
"2020-05-28","13"
"2020-05-28","9"
"2020-05-28","5"
"2020-05-27","2"
"2020-05-27","4"
"2020-05-27","15"
"2020-05-27","13"
"2020-05-27","6"
"2020-05-27","3"
"2020-05-27","16"
"2020-05-27","38"
"2020-05-27","13"
"2020-05-26","2"
"2020-05-26","2"
"2020-05-26","16"
"2020-05-26","17"
"2020-05-26","3"
"2020-05-26","1"
"2020-05-26","8"
"2020-05-25","7"
"2020-05-25","4"
"2020-05-25","8"
"2020-05-25","2"
"2020-05-25","9"
"2020-05-24","4"
"2020-05-24","3"
"2020-05-23","4"
"2020-05-23","6"
"2020-05-23","2"
"2020-05-22","3"
"2020-05-22","1"
"2020-05-22","3"
"2020-05-22","64"
"2020-05-22","3"
"2020-05-22","15"
"2020-05-22","19"
"2020-05-22","3"
"2020-05-21","25"
"2020-05-21","1"
"2020-05-21","5"
"2020-05-21","11"
"2020-05-20","3"
"2020-05-20","6"
"2020-05-20","26"
"2020-05-20","13"
"2020-05-20","1"
"2020-05-20","2"
"2020-05-20","2"
"2020-05-20","16"
"2020-05-20","3"
"2020-05-19","2"
"2020-05-19","10"
"2020-05-19","0"
"2020-05-19","11"
"2020-05-19","3"
"2020-05-19","2"
"2020-05-19","67"
"2020-05-19","2"
"2020-05-19","2"
"2020-05-19","4"
"2020-05-18","3"
"2020-05-18","37"
"2020-05-18","9"
"2020-05-18","4"
"2020-05-17","2"
"2020-05-17","2"
"2020-05-17","9"
"2020-05-17","10"
"2020-05-17","6"
"2020-05-16","26"
"2020-05-16","2"
"2020-05-16","10"
"2020-05-16","2"
"2020-05-15","24"
"2020-05-15","7"
"2020-05-15","8"
"2020-05-14","12"
"2020-05-14","9"
"2020-05-14","38"
"2020-05-14","18"
"2020-05-14","10"
"2020-05-14","3"
"2020-05-14","10"
"2020-05-14","9"
"2020-05-14","14"
"2020-05-14","5"
"2020-05-13","8"
"2020-05-13","6"
"2020-05-13","1"
"2020-05-13","2"
"2020-05-13","50"
"2020-05-13","2"
"2020-05-13","9"
"2020-05-13","2"
"2020-05-13","13"
"2020-05-13","8"
"2020-05-13","4"
"2020-05-13","0"
"2020-05-13","21"
"2020-05-13","4"
"2020-05-12","10"
"2020-05-12","9"
"2020-05-12","0"
"2020-05-12","6"
"2020-05-12","3"
"2020-05-12","2"
"2020-05-12","32"
"2020-05-12","1"
"2020-05-11","3"
"2020-05-11","2"
"2020-05-10","3"
"2020-05-10","8"
"2020-05-10","8"
"2020-05-10","1"
"2020-05-09","4"
"2020-05-08","2"
"2020-05-08","6"
"2020-05-08","2"
"2020-05-08","12"
"2020-05-08","4"
"2020-05-08","16"
"2020-05-07","4"
"2020-05-07","20"
"2020-05-07","3"
"2020-05-07","2"
"2020-05-07","4"
"2020-05-07","5"
"2020-05-07","17"
"2020-05-07","2"
"2020-05-06","7"
"2020-05-06","22"
"2020-05-06","4"
"2020-05-06","2"
"2020-05-06","2"
"2020-05-06","4"
"2020-05-05","2"
"2020-05-05","4"
"2020-05-05","7"
"2020-05-04","4"
"2020-05-04","4"
"2020-05-04","18"
"2020-05-04","2"
"2020-05-04","5"
"2020-05-04","3"
"2020-05-04","18"
"2020-05-04","8"
"2020-05-03","7"
"2020-05-03","2"
"2020-05-03","10"
"2020-05-01","8"
"2020-05-01","3"
"2020-05-01","12"
"2020-05-01","9"
"2020-05-01","2"
"2020-04-30","2"
"2020-04-30","15"
"2020-04-30","2"
"2020-04-30","2"
"2020-04-29","47"
"2020-04-29","2"
"2020-04-29","5"
"2020-04-29","5"
"2020-04-29","4"
"2020-04-29","10"
"2020-04-28","6"
"2020-04-28","38"
"2020-04-28","3"
"2020-04-28","3"
"2020-04-28","12"
"2020-04-28","2"
"2020-04-28","13"
"2020-04-28","8"
"2020-04-27","1"
"2020-04-27","12"
"2020-04-27","3"
"2020-04-27","13"
"2020-04-27","5"
"2020-04-26","0"
"2020-04-26","2"
"2020-04-26","5"
"2020-04-26","10"
"2020-04-26","6"
"2020-04-26","10"
"2020-04-26","12"
"2020-04-25","2"
"2020-04-25","2"
"2020-04-25","4"
"2020-04-24","1"
"2020-04-24","34"
"2020-04-24","4"
"2020-04-24","2"
"2020-04-24","17"
"2020-04-24","3"
"2020-04-23","2"
"2020-04-23","7"
"2020-04-23","48"
"2020-04-23","0"
"2020-04-23","9"
"2020-04-23","2"
"2020-04-23","17"
"2020-04-23","2"
"2020-04-22","12"
"2020-04-22","18"
"2020-04-22","3"
"2020-04-22","2"
"2020-04-22","2"
"2020-04-22","2"
"2020-04-22","2"
"2020-04-21","4"
"2020-04-21","0"
"2020-04-21","29"
"2020-04-21","3"
"2020-04-21","0"
"2020-04-20","1"
"2020-04-20","2"
"2020-04-20","3"
"2020-04-20","44"
"2020-04-20","3"
"2020-04-20","2"
"2020-04-20","10"
"2020-04-20","4"
"2020-04-20","3"
"2020-04-19","8"
"2020-04-19","8"
"2020-04-19","10"
"2020-04-19","7"
"2020-04-19","4"
"2020-04-18","3"
"2020-04-18","0"
"2020-04-17","1"
"2020-04-17","4"
"2020-04-17","8"
"2020-04-17","24"
"2020-04-17","5"
"2020-04-17","12"
"2020-04-16","6"
"2020-04-16","5"
"2020-04-16","45"
"2020-04-16","3"
"2020-04-16","4"
"2020-04-15","4"
"2020-04-15","0"
"2020-04-15","9"
"2020-04-15","23"
"2020-04-15","5"
"2020-04-15","3"
"2020-04-15","4"
"2020-04-15","0"
"2020-04-14","2"
"2020-04-14","2"
"2020-04-14","3"
"2020-04-14","47"
"2020-04-14","2"
"2020-04-14","42"
"2020-04-14","1"
"2020-04-14","3"
"2020-04-14","2"
"2020-04-14","2"
"2020-04-14","5"
"2020-04-14","11"
"2020-04-14","45"
"2020-04-13","6"
"2020-04-13","4"
"2020-04-13","8"
"2020-04-12","6"
"2020-04-12","5"
"2020-04-12","2"
"2020-04-12","19"
"2020-04-11","2"
"2020-04-11","2"
"2020-04-10","0"
"2020-04-10","6"
"2020-04-10","3"
"2020-04-09","3"
"2020-04-09","6"
"2020-04-09","18"
"2020-04-09","10"
"2020-04-09","4"
"2020-04-09","3"
"2020-04-09","3"
"2020-04-09","8"
"2020-04-09","7"
"2020-04-09","3"
"2020-04-08","6"
"2020-04-08","2"
"2020-04-08","2"
"2020-04-08","2"
"2020-04-08","5"
"2020-04-08","2"
"2020-04-08","1"
"2020-04-07","1"
"2020-04-07","7"
"2020-04-07","0"
"2020-04-07","12"
"2020-04-07","10"
"2020-04-06","3"
"2020-04-06","9"
"2020-04-06","2"
"2020-04-06","14"
"2020-04-06","4"
"2020-04-06","2"
"2020-04-06","4"
"2020-04-06","5"
"2020-04-06","0"
"2020-04-05","4"
"2020-04-05","2"
"2020-04-05","4"
"2020-04-05","4"
"2020-04-05","10"
"2020-04-05","2"
"2020-04-04","1"
"2020-04-03","26"
"2020-04-03","7"
"2020-04-03","0"
"2020-04-03","7"
"2020-04-03","4"
"2020-04-03","2"
"2020-04-03","5"
"2020-04-03","9"
"2020-04-03","1"
"2020-04-03","2"
"2020-04-03","3"
"2020-04-03","15"
"2020-04-03","16"
"2020-04-02","14"
"2020-04-02","3"
"2020-04-02","9"
"2020-04-02","1"
"2020-04-01","4"
"2020-03-31","2"
"2020-03-31","7"
"2020-03-31","9"
"2020-03-31","2"
"2020-03-31","4"
"2020-03-31","4"
"2020-03-31","2"
"2020-03-31","1"
"2020-03-30","11"
"2020-03-30","2"
"2020-03-30","7"
"2020-03-30","2"
"2020-03-30","2"
"2020-03-30","3"
"2020-03-30","22"
"2020-03-30","8"
"2020-03-29","2"
"2020-03-29","6"
"2020-03-29","2"
"2020-03-29","3"
"2020-03-28","5"
"2020-03-28","2"
"2020-03-28","2"
"2020-03-28","6"
"2020-03-27","5"
"2020-03-27","2"
"2020-03-27","10"
"2020-03-27","1"
"2020-03-27","2"
"2020-03-27","2"
"2020-03-26","4"
"2020-03-26","32"
"2020-03-26","13"
"2020-03-26","6"
"2020-03-26","7"
"2020-03-26","4"
"2020-03-25","2"
"2020-03-25","2"
"2020-03-25","12"
"2020-03-25","4"
"2020-03-25","9"
"2020-03-25","2"
"2020-03-25","1"
"2020-03-25","2"
"2020-03-25","3"
"2020-03-24","16"
"2020-03-24","10"
"2020-03-24","8"
"2020-03-24","14"
"2020-03-24","3"
"2020-03-24","17"
"2020-03-23","36"
"2020-03-23","0"
"2020-03-23","1"
"2020-03-23","2"
"2020-03-22","15"
"2020-03-22","7"
"2020-03-22","6"
"2020-03-22","0"
"2020-03-22","2"
"2020-03-22","15"
"2020-03-21","2"
"2020-03-20","34"
"2020-03-20","5"
"2020-03-20","8"
"2020-03-20","16"
"2020-03-20","0"
"2020-03-19","16"
"2020-03-19","5"
"2020-03-19","1"
"2020-03-19","8"
"2020-03-19","1"
"2020-03-19","4"
"2020-03-19","0"
"2020-03-19","16"
"2020-03-19","7"
"2020-03-19","15"
"2020-03-18","12"
"2020-03-18","2"
"2020-03-18","9"
"2020-03-18","3"
"2020-03-18","14"
"2020-03-18","11"
"2020-03-18","4"
"2020-03-17","41"
"2020-03-17","1"
"2020-03-17","5"
"2020-03-17","8"
"2020-03-17","13"
"2020-03-17","4"
"2020-03-17","5"
"2020-03-16","2"
"2020-03-16","2"
"2020-03-16","1"
"2020-03-16","1"
"2020-03-16","2"
"2020-03-15","15"
"2020-03-15","2"
"2020-03-14","2"
"2020-03-14","4"
"2020-03-14","20"
"2020-03-14","7"
"2020-03-13","7"
"2020-03-13","20"
"2020-03-13","3"
"2020-03-13","4"
"2020-03-12","1"
"2020-03-12","14"
"2020-03-12","1"
"2020-03-12","3"
"2020-03-12","14"
"2020-03-12","4"
"2020-03-12","26"
"2020-03-12","18"
"2020-03-12","0"
"2020-03-11","3"
"2020-03-11","31"
"2020-03-11","8"
"2020-03-11","103"
"2020-03-11","20"
"2020-03-11","8"
"2020-03-11","5"
"2020-03-11","11"
"2020-03-11","31"
"2020-03-11","33"
"2020-03-11","4"
"2020-03-11","12"
"2020-03-11","5"
"2020-03-11","6"
"2020-03-11","1"
"2020-03-11","11"
"2020-03-11","3"
"2020-03-11","5"
"2020-03-11","13"
"2020-03-10","41"
"2020-03-10","7"
"2020-03-10","7"
"2020-03-10","1"
"2020-03-10","20"
"2020-03-10","7"
"2020-03-10","3"
"2020-03-10","13"
"2020-03-09","24"
"2020-03-09","6"
"2020-03-09","4"
"2020-03-09","2"
"2020-03-09","3"
"2020-03-08","12"
"2020-03-08","0"
"2020-03-08","29"
"2020-03-08","8"
"2020-03-08","2"
"2020-03-07","4"
"2020-03-07","9"
"2020-03-06","11"
"2020-03-06","7"
"2020-03-06","4"
"2020-03-06","3"
"2020-03-06","2"
"2020-03-06","5"
"2020-03-06","3"
"2020-03-06","2"
"2020-03-06","6"
"2020-03-05","4"
"2020-03-05","2"
"2020-03-05","2"
"2020-03-05","2"
"2020-03-05","1"
"2020-03-04","7"
"2020-03-04","4"
"2020-03-04","35"
"2020-03-04","14"
"2020-03-04","2"
"2020-03-04","9"
"2020-03-04","10"
"2020-03-04","7"
"2020-03-03","28"
"2020-03-03","6"
"2020-03-03","16"
"2020-03-03","0"
"2020-03-03","10"
"2020-03-03","2"
"2020-03-03","3"
"2020-03-03","3"
"2020-03-02","45"
"2020-03-02","5"
"2020-03-02","11"
"2020-03-02","11"
"2020-03-02","7"
"2020-03-02","12"
"2020-03-01","15"
"2020-03-01","9"
"2020-03-01","17"
"2020-03-01","7"
"2020-02-29","4"
"2020-02-29","7"
"2020-02-28","20"
"2020-02-28","2"
"2020-02-28","2"
"2020-02-28","2"
"2020-02-28","2"
"2020-02-28","3"
"2020-02-27","18"
"2020-02-27","2"
"2020-02-27","9"
"2020-02-27","2"
"2020-02-26","12"
"2020-02-26","15"
"2020-02-26","6"
"2020-02-25","7"
"2020-02-25","8"
"2020-02-25","2"
"2020-02-25","7"
"2020-02-25","1"
"2020-02-25","12"
"2020-02-24","7"
"2020-02-24","5"
"2020-02-24","13"
"2020-02-24","24"
"2020-02-23","6"
"2020-02-23","7"
"2020-02-23","14"
"2020-02-23","3"
"2020-02-23","10"
"2020-02-23","12"
"2020-02-21","2"
"2020-02-21","31"
"2020-02-20","0"
"2020-02-20","31"
"2020-02-20","5"
"2020-02-20","6"
"2020-02-20","6"
"2020-02-20","6"
"2020-02-19","2"
"2020-02-19","6"
"2020-02-19","2"
"2020-02-19","7"
"2020-02-19","8"
"2020-02-19","41"
"2020-02-19","13"
"2020-02-19","13"
"2020-02-19","5"
"2020-02-18","4"
"2020-02-18","10"
"2020-02-18","22"
"2020-02-18","12"
"2020-02-18","5"
"2020-02-18","2"
"2020-02-17","3"
"2020-02-17","2"
"2020-02-17","87"
"2020-02-17","6"
"2020-02-17","2"
"2020-02-16","10"
"2020-02-16","2"
"2020-02-15","4"
"2020-02-15","6"
"2020-02-14","11"
"2020-02-14","2"
"2020-02-14","9"
"2020-02-14","67"
"2020-02-13","5"
"2020-02-13","2"
"2020-02-13","27"
"2020-02-13","56"
"2020-02-13","3"
"2020-02-13","8"
"2020-02-12","21"
"2020-02-12","2"
"2020-02-12","7"
"2020-02-11","2"
"2020-02-11","12"
"2020-02-11","2"
"2020-02-11","67"
"2020-02-11","6"
"2020-02-11","6"
"2020-02-11","9"
"2020-02-11","1"
"2020-02-11","2"
"2020-02-10","33"
"2020-02-10","7"
"2020-02-10","4"
"2020-02-10","6"
"2020-02-10","2"
"2020-02-09","3"
"2020-02-09","6"
"2020-02-09","7"
"2020-02-09","3"
"2020-02-09","5"
"2020-02-08","2"
"2020-02-07","5"
"2020-02-07","33"
"2020-02-07","2"
"2020-02-06","2"
"2020-02-06","6"
"2020-02-06","10"
"2020-02-06","21"
"2020-02-06","9"
"2020-02-06","23"
"2020-02-05","1"
"2020-02-05","9"
"2020-02-05","13"
"2020-02-05","14"
"2020-02-05","7"
"2020-02-05","11"
"2020-02-05","5"
"2020-02-04","35"
"2020-02-03","3"
"2020-02-03","0"
"2020-02-03","13"
"2020-02-03","8"
"2020-02-03","3"
"2020-02-03","9"
"2020-02-02","3"
"2020-02-02","0"
"2020-02-02","2"
"2020-02-02","10"
"2020-02-01","7"
"2020-02-01","4"
"2020-02-01","6"
"2020-01-31","8"
"2020-01-31","42"
"2020-01-31","12"
"2020-01-31","2"
"2020-01-30","4"
"2020-01-30","4"
"2020-01-30","3"
"2020-01-30","10"
"2020-01-30","4"
"2020-01-30","4"
"2020-01-30","18"
"2020-01-30","5"
"2020-01-30","16"
"2020-01-29","29"
"2020-01-29","4"
"2020-01-29","0"
"2020-01-29","1"
"2020-01-28","8"
"2020-01-28","34"
"2020-01-27","3"
"2020-01-27","0"
"2020-01-27","8"
"2020-01-26","9"
"2020-01-26","11"
"2020-01-26","15"
"2020-01-24","24"
"2020-01-24","10"
"2020-01-24","15"
"2020-01-24","12"
"2020-01-23","13"
"2020-01-23","12"
"2020-01-23","6"
"2020-01-22","1"
"2020-01-21","1"
"2020-01-21","7"
"2020-01-21","6"
"2020-01-21","5"
"2020-01-20","3"
"2020-01-20","3"
"2020-01-20","3"
"2020-01-20","5"
"2020-01-20","16"
"2020-01-20","20"
"2020-01-19","5"
"2020-01-19","0"
"2020-01-19","17"
"2020-01-19","4"
"2020-01-18","4"
"2020-01-18","9"
"2020-01-17","9"
"2020-01-17","39"
"2020-01-17","4"
"2020-01-17","14"
"2020-01-17","8"
"2020-01-17","3"
"2020-01-16","1"
"2020-01-16","0"
"2020-01-16","31"
"2020-01-16","2"
"2020-01-16","2"
"2020-01-15","23"
"2020-01-15","4"
"2020-01-15","5"
"2020-01-15","3"
"2020-01-14","5"
"2020-01-14","7"
"2020-01-14","13"
"2020-01-14","2"
"2020-01-13","4"
"2020-01-13","3"
"2020-01-13","5"
"2020-01-12","1"
"2020-01-12","9"
"2020-01-12","11"
"2020-01-12","6"
"2020-01-12","5"
"2020-01-11","3"
"2020-01-11","5"
"2020-01-10","5"
"2020-01-10","14"
"2020-01-10","12"
"2020-01-10","14"
"2020-01-09","15"
"2020-01-08","2"
"2020-01-08","4"
"2020-01-07","10"
"2020-01-07","64"
"2020-01-07","21"
"2020-01-07","24"
"2020-01-07","18"
"2020-01-06","12"
"2020-01-05","1"
"2020-01-05","17"
"2020-01-05","2"
"2020-01-04","7"
"2020-01-03","8"
"2020-01-03","7"
"2020-01-02","23"
"2020-01-02","5"
"2020-01-01","4"
"2020-01-01","17"
"2019-12-31","4"
"2019-12-31","2"
"2019-12-31","8"
"2019-12-30","4"
"2019-12-30","57"
"2019-12-30","2"
"2019-12-30","14"
"2019-12-30","3"
"2019-12-29","24"
"2019-12-29","7"
"2019-12-28","2"
"2019-12-27","2"
"2019-12-27","7"
"2019-12-27","9"
"2019-12-27","26"
"2019-12-24","9"
"2019-12-24","21"
"2019-12-24","3"
"2019-12-23","5"
"2019-12-23","2"
"2019-12-23","13"
"2019-12-23","3"
"2019-12-23","7"
"2019-12-23","6"
"2019-12-23","2"
"2019-12-23","8"
"2019-12-22","4"
"2019-12-22","2"
"2019-12-21","2"
"2019-12-21","2"
"2019-12-20","2"
"2019-12-20","13"
"2019-12-20","2"
"2019-12-20","6"
"2019-12-20","2"
"2019-12-19","0"
"2019-12-19","54"
"2019-12-19","4"
"2019-12-19","15"
"2019-12-19","0"
"2019-12-18","28"
"2019-12-18","6"
"2019-12-18","30"
"2019-12-17","3"
"2019-12-17","7"
"2019-12-17","6"
"2019-12-16","22"
"2019-12-16","4"
"2019-12-16","7"
"2019-12-16","17"
"2019-12-15","17"
"2019-12-15","3"
"2019-12-15","2"
"2019-12-15","12"
"2019-12-14","6"
"2019-12-13","10"
"2019-12-13","11"
"2019-12-13","2"
"2019-12-13","2"
"2019-12-13","4"
"2019-12-12","2"
"2019-12-12","4"
"2019-12-12","1"
"2019-12-12","7"
"2019-12-11","11"
"2019-12-11","2"
"2019-12-11","5"
"2019-12-11","2"
"2019-12-11","2"
"2019-12-10","2"
"2019-12-10","1"
"2019-12-10","69"
"2019-12-10","7"
"2019-12-10","18"
"2019-12-10","13"
"2019-12-10","5"
"2019-12-10","14"
"2019-12-10","3"
"2019-12-09","6"
"2019-12-09","2"
"2019-12-09","9"
"2019-12-09","2"
"2019-12-08","18"
"2019-12-08","8"
"2019-12-08","0"
"2019-12-07","0"
"2019-12-06","4"
"2019-12-06","32"
"2019-12-06","0"
"2019-12-05","2"
"2019-12-05","2"
"2019-12-05","4"
"2019-12-04","10"
"2019-12-04","3"
"2019-12-04","20"
"2019-12-04","8"
"2019-12-04","1"
"2019-12-04","2"
"2019-12-04","17"
"2019-12-03","4"
"2019-12-03","15"
"2019-12-03","3"
"2019-12-03","4"
"2019-12-03","7"
"2019-12-03","6"
"2019-12-03","7"
"2019-12-03","0"
"2019-12-02","0"
"2019-12-02","1"
"2019-12-02","2"
"2019-12-02","2"
"2019-12-01","12"
"2019-12-01","2"
"2019-11-30","10"
"2019-11-30","2"
"2019-11-29","1"
"2019-11-29","22"
"2019-11-29","2"
"2019-11-28","3"
"2019-11-28","3"
"2019-11-28","9"
"2019-11-28","4"
"2019-11-28","13"
"2019-11-28","13"
"2019-11-28","6"
"2019-11-28","14"
"2019-11-28","5"
"2019-11-28","17"
"2019-11-27","15"
"2019-11-27","33"
"2019-11-27","3"
"2019-11-27","8"
"2019-11-26","12"
"2019-11-26","12"
"2019-11-25","2"
"2019-11-25","15"
"2019-11-25","19"
"2019-11-24","6"
"2019-11-24","11"
"2019-11-24","15"
"2019-11-23","7"
"2019-11-23","15"
"2019-11-22","1"
"2019-11-22","4"
"2019-11-22","2"
"2019-11-22","16"
"2019-11-22","16"
"2019-11-22","56"
"2019-11-22","5"
"2019-11-22","17"
"2019-11-22","7"
"2019-11-21","4"
"2019-11-21","6"
"2019-11-21","12"
"2019-11-21","23"
"2019-11-21","15"
"2019-11-21","16"
"2019-11-21","2"
"2019-11-20","18"
"2019-11-20","9"
"2019-11-19","2"
"2019-11-19","1"
"2019-11-19","3"
"2019-11-17","2"
"2019-11-17","2"
"2019-11-17","10"
"2019-11-17","22"
"2019-11-16","4"
"2019-11-16","14"
"2019-11-16","3"
"2019-11-15","2"
"2019-11-15","34"
"2019-11-15","17"
"2019-11-15","6"
"2019-11-14","10"
"2019-11-14","0"
"2019-11-14","72"
"2019-11-14","7"
"2019-11-14","6"
"2019-11-13","21"
"2019-11-13","22"
"2019-11-13","2"
"2019-11-13","1"
"2019-11-13","7"
"2019-11-12","4"
"2019-11-12","3"
"2019-11-12","52"
"2019-11-12","1"
"2019-11-12","6"
"2019-11-11","47"
"2019-11-11","7"
"2019-11-11","6"
"2019-11-11","11"
"2019-11-11","5"
"2019-11-11","26"
"2019-11-10","31"
"2019-11-10","1"
"2019-11-10","18"
"2019-11-10","9"
"2019-11-09","1"
"2019-11-09","0"
"2019-11-09","10"
"2019-11-08","1"
"2019-11-08","29"
"2019-11-08","28"
"2019-11-07","20"
"2019-11-07","16"
"2019-11-07","34"
"2019-11-07","5"
"2019-11-07","13"
"2019-11-07","6"
"2019-11-07","7"
"2019-11-06","47"
"2019-11-06","13"
"2019-11-05","7"
"2019-11-05","10"
"2019-11-05","8"
"2019-11-05","4"
"2019-11-05","2"
"2019-11-04","10"
"2019-11-03","22"
"2019-11-03","7"
"2019-11-03","4"
"2019-11-01","8"
"2019-11-01","5"
"2019-10-31","2"
"2019-10-31","22"
"2019-10-31","27"
"2019-10-31","3"
"2019-10-31","4"
"2019-10-30","35"
"2019-10-30","11"
"2019-10-30","1"
"2019-10-30","13"
"2019-10-30","27"
"2019-10-29","1"
"2019-10-29","1"
"2019-10-29","24"
"2019-10-29","17"
"2019-10-29","12"
"2019-10-29","25"
"2019-10-28","22"
"2019-10-28","17"
"2019-10-27","24"
"2019-10-27","2"
"2019-10-26","8"
"2019-10-25","32"
"2019-10-25","0"
"2019-10-25","7"
"2019-10-25","23"
"2019-10-25","4"
"2019-10-25","24"
"2019-10-25","26"
"2019-10-24","54"
"2019-10-24","10"
"2019-10-24","1"
"2019-10-24","7"
"2019-10-24","3"
"2019-10-24","4"
"2019-10-23","6"
"2019-10-23","10"
"2019-10-23","10"
"2019-10-22","12"
"2019-10-22","9"
"2019-10-22","16"
"2019-10-21","17"
"2019-10-21","20"
"2019-10-21","1"
"2019-10-20","3"
"2019-10-20","4"
"2019-10-20","15"
"2019-10-20","4"
"2019-10-20","3"
"2019-10-20","7"
"2019-10-18","14"
"2019-10-17","12"
"2019-10-17","10"
"2019-10-17","13"
"2019-10-17","1"
"2019-10-17","22"
"2019-10-17","1"
"2019-10-17","7"
"2019-10-17","12"
"2019-10-16","3"
"2019-10-16","2"
"2019-10-16","4"
"2019-10-16","30"
"2019-10-16","6"
"2019-10-16","4"
"2019-10-15","24"
"2019-10-15","8"
"2019-10-15","2"
"2019-10-15","16"
"2019-10-15","16"
"2019-10-15","2"
"2019-10-15","3"
"2019-10-14","1"
"2019-10-14","3"
"2019-10-14","26"
"2019-10-14","3"
"2019-10-14","4"
"2019-10-13","7"
"2019-10-13","19"
"2019-10-13","2"
"2019-10-13","16"
"2019-10-13","2"
"2019-10-12","12"
"2019-10-12","8"
"2019-10-11","22"
"2019-10-11","2"
"2019-10-11","2"
"2019-10-10","2"
"2019-10-10","33"
"2019-10-09","2"
"2019-10-09","12"
"2019-10-09","21"
"2019-10-08","1"
"2019-10-08","1"
"2019-10-08","7"
"2019-10-08","14"
"2019-10-08","2"
"2019-10-08","2"
"2019-10-07","61"
"2019-10-07","15"
"2019-10-07","7"
"2019-10-06","5"
"2019-10-06","6"
"2019-10-06","10"
"2019-10-06","7"
"2019-10-04","1"
"2019-10-04","6"
"2019-10-04","17"
"2019-10-04","3"
"2019-10-04","1"
"2019-10-03","6"
"2019-10-03","14"
"2019-10-03","2"
"2019-10-03","11"
"2019-10-03","6"
"2019-10-03","4"
"2019-10-02","2"
"2019-10-02","1"
"2019-10-01","12"
"2019-10-01","3"
"2019-10-01","2"
"2019-10-01","34"
"2019-10-01","6"
"2019-10-01","2"
"2019-10-01","19"
"2019-10-01","73"
"2019-10-01","33"
"2019-09-30","15"
"2019-09-30","3"
"2019-09-30","2"
"2019-09-30","3"
"2019-09-30","15"
"2019-09-29","4"
"2019-09-29","4"
"2019-09-28","5"
"2019-09-27","59"
"2019-09-27","17"
"2019-09-27","4"
"2019-09-27","4"
"2019-09-27","18"
"2019-09-27","0"
"2019-09-27","17"
"2019-09-27","3"
"2019-09-25","6"
"2019-09-25","10"
"2019-09-24","0"
"2019-09-24","4"
"2019-09-23","5"
"2019-09-23","3"
"2019-09-22","6"
"2019-09-22","4"
"2019-09-21","0"
"2019-09-21","0"
"2019-09-20","78"
"2019-09-20","2"
"2019-09-19","0"
"2019-09-19","2"
"2019-09-19","0"
"2019-09-19","1"
"2019-09-19","44"
"2019-09-19","3"
"2019-09-19","14"
"2019-09-18","49"
"2019-09-18","14"
"2019-09-18","0"
"2019-09-18","2"
"2019-09-18","10"
"2019-09-18","3"
"2019-09-17","2"
"2019-09-17","5"
"2019-09-17","4"
"2019-09-17","4"
"2019-09-17","15"
"2019-09-16","6"
"2019-09-16","2"
"2019-09-16","15"
"2019-09-15","1"
"2019-09-15","13"
"2019-09-15","12"
"2019-09-15","9"
"2019-09-14","3"
"2019-09-14","0"
"2019-09-14","2"
"2019-09-13","12"
"2019-09-12","1"
"2019-09-12","4"
"2019-09-12","94"
"2019-09-12","3"
"2019-09-12","14"
"2019-09-12","13"
"2019-09-12","2"
"2019-09-11","14"
"2019-09-11","18"
"2019-09-11","11"
"2019-09-11","2"
"2019-09-10","12"
"2019-09-10","4"
"2019-09-10","10"
"2019-09-10","38"
"2019-09-09","2"
"2019-09-09","34"
"2019-09-09","11"
"2019-09-09","3"
"2019-09-09","1"
"2019-09-09","4"
"2019-09-09","2"
"2019-09-09","18"
"2019-09-08","17"
"2019-09-08","10"
"2019-09-08","2"
"2019-09-08","1"
"2019-09-06","4"
"2019-09-06","2"
"2019-09-06","39"
"2019-09-06","0"
"2019-09-05","3"
"2019-09-05","8"
"2019-09-05","2"
"2019-09-05","39"
"2019-09-05","19"
"2019-09-05","7"
"2019-09-05","24"
"2019-09-04","11"
"2019-09-04","3"
"2019-09-04","7"
"2019-09-04","17"
"2019-09-04","14"
"2019-09-04","2"
"2019-09-04","80"
"2019-09-03","9"
"2019-09-03","60"
"2019-09-02","2"
"2019-09-02","5"
"2019-09-02","2"
"2019-09-02","12"
"2019-09-02","4"
"2019-09-02","34"
"2019-09-02","2"
"2019-09-02","4"
"2019-09-01","2"
"2019-09-01","5"
"2019-08-31","5"
"2019-08-31","21"
"2019-08-30","7"
"2019-08-30","6"
"2019-08-30","38"
"2019-08-30","33"
"2019-08-30","17"
"2019-08-30","19"
"2019-08-29","6"
"2019-08-29","47"
"2019-08-29","8"
"2019-08-29","6"
"2019-08-28","21"
"2019-08-28","12"
"2019-08-28","20"
"2019-08-28","5"
"2019-08-28","22"
"2019-08-27","1"
"2019-08-27","31"
"2019-08-27","2"
"2019-08-27","16"
"2019-08-26","1"
"2019-08-26","5"
"2019-08-26","3"
"2019-08-26","13"
"2019-08-25","7"
"2019-08-25","2"
"2019-08-25","11"
"2019-08-25","4"
"2019-08-25","4"
"2019-08-25","8"
"2019-08-25","6"
"2019-08-25","3"
"2019-08-25","7"
"2019-08-24","2"
"2019-08-23","12"
"2019-08-23","1"
"2019-08-23","13"
"2019-08-23","70"
"2019-08-23","0"
"2019-08-23","8"
"2019-08-23","6"
"2019-08-22","4"
"2019-08-22","2"
"2019-08-22","30"
"2019-08-21","26"
"2019-08-21","24"
"2019-08-21","3"
"2019-08-21","88"
"2019-08-21","2"
"2019-08-20","2"
"2019-08-20","1"
"2019-08-20","4"
"2019-08-20","8"
"2019-08-20","37"
"2019-08-19","11"
"2019-08-19","2"
"2019-08-19","4"
"2019-08-18","14"
"2019-08-18","0"
"2019-08-18","9"
"2019-08-18","0"
"2019-08-17","6"
"2019-08-17","8"
"2019-08-16","15"
"2019-08-16","11"
"2019-08-16","14"
"2019-08-16","3"
"2019-08-15","13"
"2019-08-15","2"
"2019-08-15","15"
"2019-08-15","13"
"2019-08-15","5"
"2019-08-15","6"
"2019-08-15","8"
"2019-08-15","2"
"2019-08-14","25"
"2019-08-14","2"
"2019-08-14","8"
"2019-08-14","2"
"2019-08-14","2"
"2019-08-14","1"
"2019-08-13","4"
"2019-08-13","9"
"2019-08-12","5"
"2019-08-12","11"
"2019-08-12","21"
"2019-08-12","8"
"2019-08-11","3"
"2019-08-11","2"
"2019-08-11","5"
"2019-08-10","4"
"2019-08-09","4"
"2019-08-09","4"
"2019-08-09","11"
"2019-08-09","38"
"2019-08-09","2"
"2019-08-09","7"
"2019-08-08","4"
"2019-08-07","11"
"2019-08-07","6"
"2019-08-06","2"
"2019-08-06","2"
"2019-08-06","1"
"2019-08-06","0"
"2019-08-06","1"
"2019-08-06","8"
"2019-08-05","2"
"2019-08-05","12"
"2019-08-04","3"
"2019-08-04","3"
"2019-08-03","11"
"2019-08-03","4"
"2019-08-02","4"
"2019-08-02","24"
"2019-08-02","4"
"2019-08-02","3"
"2019-08-02","4"
"2019-08-01","3"
"2019-08-01","7"
"2019-08-01","15"
"2019-08-01","6"
"2019-08-01","2"
"2019-07-31","6"
"2019-07-31","2"
"2019-07-31","0"
"2019-07-31","20"
"2019-07-31","14"
"2019-07-31","15"
"2019-07-31","3"
"2019-07-31","2"
"2019-07-31","3"
"2019-07-30","2"
"2019-07-30","2"
"2019-07-30","4"
"2019-07-30","37"
"2019-07-30","10"
"2019-07-30","5"
"2019-07-29","18"
"2019-07-29","2"
"2019-07-28","14"
"2019-07-28","10"
"2019-07-27","12"
"2019-07-27","0"
"2019-07-26","8"
"2019-07-26","70"
"2019-07-26","14"
"2019-07-26","2"
"2019-07-26","4"
"2019-07-26","15"
"2019-07-26","1"
"2019-07-25","12"
"2019-07-25","4"
"2019-07-25","2"
"2019-07-25","4"
"2019-07-25","46"
"2019-07-25","28"
"2019-07-24","19"
"2019-07-24","8"
"2019-07-23","11"
"2019-07-23","45"
"2019-07-23","7"
"2019-07-23","14"
"2019-07-22","17"
"2019-07-22","0"
"2019-07-22","21"
"2019-07-22","3"
"2019-07-21","6"
"2019-07-21","5"
"2019-07-20","2"
"2019-07-20","12"
"2019-07-19","2"
"2019-07-19","90"
"2019-07-19","24"
"2019-07-19","2"
"2019-07-18","5"
"2019-07-18","63"
"2019-07-18","6"
"2019-07-17","2"
"2019-07-17","2"
"2019-07-17","32"
"2019-07-17","5"
"2019-07-17","2"
"2019-07-17","5"
"2019-07-16","2"
"2019-07-16","3"
"2019-07-16","20"
"2019-07-15","62"
"2019-07-15","4"
"2019-07-15","12"
"2019-07-15","6"
"2019-07-14","2"
"2019-07-14","18"
"2019-07-14","4"
"2019-07-13","2"
"2019-07-12","9"
"2019-07-12","4"
"2019-07-11","3"
"2019-07-11","2"
"2019-07-11","25"
"2019-07-11","35"
"2019-07-11","30"
"2019-07-10","3"
"2019-07-10","3"
"2019-07-10","31"
"2019-07-10","8"
"2019-07-10","2"
"2019-07-10","2"
"2019-07-10","2"
"2019-07-10","6"
"2019-07-09","4"
"2019-07-09","20"
"2019-07-09","10"
"2019-07-09","7"
"2019-07-08","2"
"2019-07-08","4"
"2019-07-08","16"
"2019-07-07","15"
"2019-07-06","8"
"2019-07-06","2"
"2019-07-06","2"
"2019-07-05","2"
"2019-07-05","39"
"2019-07-05","11"
"2019-07-05","10"
"2019-07-05","11"
"2019-07-04","1"
"2019-07-04","7"
"2019-07-04","6"
"2019-07-04","38"
"2019-07-04","7"
"2019-07-04","0"
"2019-07-04","0"
"2019-07-04","2"
"2019-07-03","12"
"2019-07-03","10"
"2019-07-03","55"
"2019-07-03","3"
"2019-07-03","17"
"2019-07-03","10"
"2019-07-02","6"
"2019-07-02","5"
"2019-07-02","14"
"2019-07-02","12"
"2019-07-02","4"
"2019-07-02","4"
"2019-07-02","5"
"2019-07-01","15"
"2019-07-01","1"
"2019-07-01","5"
"2019-07-01","24"
"2019-07-01","31"
"2019-07-01","9"
"2019-07-01","0"
"2019-06-30","0"
"2019-06-30","7"
"2019-06-30","2"
"2019-06-30","3"
"2019-06-28","30"
"2019-06-28","14"
"2019-06-27","21"
"2019-06-27","0"
"2019-06-27","4"
"2019-06-26","6"
"2019-06-26","6"
"2019-06-26","5"
"2019-06-26","13"
"2019-06-26","3"
"2019-06-26","11"
"2019-06-26","0"
"2019-06-25","0"
"2019-06-25","9"
"2019-06-25","4"
"2019-06-25","87"
"2019-06-25","10"
"2019-06-25","17"
"2019-06-24","6"
"2019-06-24","1"
"2019-06-24","2"
"2019-06-24","17"
"2019-06-24","1"
"2019-06-24","2"
"2019-06-23","21"
"2019-06-23","3"
"2019-06-23","4"
"2019-06-23","10"
"2019-06-23","21"
"2019-06-22","2"
"2019-06-21","3"
"2019-06-21","24"
"2019-06-21","2"
"2019-06-20","15"
"2019-06-20","11"
"2019-06-20","4"
"2019-06-20","10"
"2019-06-19","3"
"2019-06-19","3"
"2019-06-19","50"
"2019-06-19","2"
"2019-06-19","1"
"2019-06-18","3"
"2019-06-18","0"
"2019-06-18","0"
"2019-06-18","22"
"2019-06-18","7"
"2019-06-17","9"
"2019-06-17","14"
"2019-06-16","0"
"2019-06-16","16"
"2019-06-16","7"
"2019-06-15","2"
"2019-06-14","14"
"2019-06-14","20"
"2019-06-14","5"
"2019-06-14","12"
"2019-06-14","2"
"2019-06-13","11"
"2019-06-13","1"
"2019-06-13","8"
"2019-06-13","1"
"2019-06-13","3"
"2019-06-13","14"
"2019-06-12","2"
"2019-06-12","19"
"2019-06-12","4"
"2019-06-12","2"
"2019-06-12","2"
"2019-06-11","9"
"2019-06-11","48"
"2019-06-11","7"
"2019-06-11","14"
"2019-06-10","93"
"2019-06-10","21"
"2019-06-10","7"
"2019-06-09","1"
"2019-06-09","12"
"2019-06-09","20"
"2019-06-08","5"
"2019-06-07","1"
"2019-06-07","53"
"2019-06-07","13"
"2019-06-07","5"
"2019-06-07","4"
"2019-06-06","40"
"2019-06-06","8"
"2019-06-06","2"
"2019-06-06","72"
"2019-06-06","9"
"2019-06-05","7"
"2019-06-05","10"
"2019-06-05","7"
"2019-06-05","5"
"2019-06-04","16"
"2019-06-04","5"
"2019-06-04","28"
"2019-06-04","5"
"2019-06-04","1"
"2019-06-04","9"
"2019-06-03","14"
"2019-06-03","27"
"2019-06-03","3"
"2019-06-03","3"
"2019-06-03","1"
"2019-06-02","6"
"2019-06-02","0"
"2019-06-02","3"
"2019-06-02","4"
"2019-06-01","7"
"2019-05-31","8"
"2019-05-31","4"
"2019-05-31","44"
"2019-05-31","6"
"2019-05-30","9"
"2019-05-30","42"
"2019-05-30","2"
"2019-05-30","12"
"2019-05-30","2"
"2019-05-30","4"
"2019-05-29","2"
"2019-05-29","1"
"2019-05-29","26"
"2019-05-29","0"
"2019-05-29","8"
"2019-05-29","12"
"2019-05-28","4"
"2019-05-28","4"
"2019-05-28","13"
"2019-05-28","13"
"2019-05-27","10"
"2019-05-26","4"
"2019-05-26","1"
"2019-05-25","2"
"2019-05-25","1"
"2019-05-24","24"
"2019-05-24","3"
"2019-05-24","14"
"2019-05-24","5"
"2019-05-24","14"
"2019-05-23","8"
"2019-05-23","0"
"2019-05-23","1"
"2019-05-23","7"
"2019-05-23","6"
"2019-05-22","8"
"2019-05-22","2"
"2019-05-22","9"
"2019-05-22","1"
"2019-05-21","14"
"2019-05-21","1"
"2019-05-21","5"
"2019-05-21","1"
"2019-05-21","5"
"2019-05-21","1"
"2019-05-20","4"
"2019-05-20","19"
"2019-05-20","9"
"2019-05-20","8"
"2019-05-19","7"
"2019-05-19","1"
"2019-05-19","1"
"2019-05-17","0"
"2019-05-17","2"
"2019-05-17","1"
"2019-05-17","1"
"2019-05-16","10"
"2019-05-16","18"
"2019-05-16","0"
"2019-05-15","30"
"2019-05-15","12"
"2019-05-14","10"
"2019-05-14","3"
"2019-05-14","2"
"2019-05-14","4"
"2019-05-14","1"
"2019-05-13","5"
"2019-05-13","8"
"2019-05-12","2"
"2019-05-12","5"
"2019-05-11","0"
"2019-05-11","8"
"2019-05-11","9"
"2019-05-10","8"
"2019-05-10","2"
"2019-05-10","2"
"2019-05-10","3"
"2019-05-10","8"
"2019-05-10","2"
"2019-05-10","4"
"2019-05-10","2"
"2019-05-10","3"
"2019-05-10","2"
"2019-05-10","0"
"2019-05-09","7"
"2019-05-09","5"
"2019-05-09","2"
"2019-05-09","1"
"2019-05-08","2"
"2019-05-07","5"
"2019-05-07","12"
"2019-05-07","2"
"2019-05-07","5"
"2019-05-07","1"
"2019-05-06","2"
"2019-05-06","7"
"2019-05-06","4"
"2019-05-05","6"
"2019-05-05","11"
"2019-05-05","10"
"2019-05-03","6"
"2019-05-03","24"
"2019-05-03","4"
"2019-05-03","9"
"2019-05-02","2"
"2019-05-02","8"
"2019-05-02","24"
"2019-05-02","1"
"2019-05-02","11"
"2019-05-01","2"
"2019-05-01","11"
"2019-04-30","7"
"2019-04-30","50"
"2019-04-30","10"
"2019-04-30","1"
"2019-04-29","16"
"2019-04-29","3"
"2019-04-29","7"
"2019-04-29","16"
"2019-04-29","18"
"2019-04-28","5"
"2019-04-28","1"
"2019-04-27","8"
"2019-04-26","32"
"2019-04-26","12"
"2019-04-26","11"
"2019-04-25","15"
"2019-04-25","8"
"2019-04-25","21"
"2019-04-25","4"
"2019-04-24","3"
"2019-04-24","1"
"2019-04-24","1"
"2019-04-24","4"
"2019-04-24","2"
"2019-04-24","4"
"2019-04-24","2"
"2019-04-23","8"
"2019-04-23","2"
"2019-04-23","3"
"2019-04-23","6"
"2019-04-22","8"
"2019-04-21","6"
"2019-04-21","0"
"2019-04-18","27"
"2019-04-18","2"
"2019-04-17","1"
"2019-04-17","2"
"2019-04-17","44"
"2019-04-16","2"
"2019-04-16","4"
"2019-04-15","2"
"2019-04-15","3"
"2019-04-15","9"
"2019-04-15","3"
"2019-04-15","3"
"2019-04-15","0"
"2019-04-14","14"
"2019-04-13","5"
"2019-04-13","0"
"2019-04-12","7"
"2019-04-12","2"
"2019-04-12","27"
"2019-04-12","7"
"2019-04-11","3"
"2019-04-11","2"
"2019-04-11","10"
"2019-04-10","4"
"2019-04-10","1"
"2019-04-10","52"
"2019-04-10","3"
"2019-04-10","7"
"2019-04-10","2"
"2019-04-09","4"
"2019-04-09","2"
"2019-04-09","2"
"2019-04-09","4"
"2019-04-09","4"
"2019-04-09","2"
"2019-04-08","2"
"2019-04-08","9"
"2019-04-08","0"
"2019-04-07","5"
"2019-04-07","8"
"2019-04-07","7"
"2019-04-07","2"
"2019-04-05","6"
"2019-04-05","3"
"2019-04-05","8"
"2019-04-04","24"
"2019-04-04","6"
"2019-04-04","3"
"2019-04-04","4"
"2019-04-04","7"
"2019-04-03","2"
"2019-04-03","17"
"2019-04-03","3"
"2019-04-03","49"
"2019-04-03","8"
"2019-04-03","10"
"2019-04-02","10"
"2019-04-02","2"
"2019-04-01","2"
"2019-03-31","6"
"2019-03-31","10"
"2019-03-30","7"
"2019-03-30","5"
"2019-03-30","3"
"2019-03-29","38"
"2019-03-29","5"
"2019-03-29","5"
"2019-03-28","12"
"2019-03-28","2"
"2019-03-28","0"
"2019-03-27","12"
"2019-03-27","13"
"2019-03-27","5"
"2019-03-27","7"
"2019-03-27","10"
"2019-03-26","54"
"2019-03-26","4"
"2019-03-26","15"
"2019-03-26","21"
"2019-03-26","3"
"2019-03-25","32"
"2019-03-25","16"
"2019-03-25","6"
"2019-03-24","15"
"2019-03-24","2"
"2019-03-24","2"
"2019-03-24","6"
"2019-03-23","3"
"2019-03-23","2"
"2019-03-22","18"
"2019-03-22","6"
"2019-03-22","14"
"2019-03-22","3"
"2019-03-22","3"
"2019-03-21","8"
"2019-03-21","20"
"2019-03-21","50"
"2019-03-21","13"
"2019-03-21","5"
"2019-03-21","0"
"2019-03-20","33"
"2019-03-20","2"
"2019-03-20","8"
"2019-03-20","6"
"2019-03-19","2"
"2019-03-19","2"
"2019-03-19","2"
"2019-03-19","0"
"2019-03-19","30"
"2019-03-19","2"
"2019-03-19","2"
"2019-03-18","2"
"2019-03-18","1"
"2019-03-18","5"
"2019-03-18","2"
"2019-03-18","51"
"2019-03-18","1"
"2019-03-18","3"
"2019-03-17","15"
"2019-03-17","13"
"2019-03-16","4"
"2019-03-16","3"
"2019-03-15","0"
"2019-03-15","16"
"2019-03-15","0"
"2019-03-14","1"
"2019-03-14","10"
"2019-03-14","2"
"2019-03-13","29"
"2019-03-13","62"
"2019-03-13","12"
"2019-03-13","24"
"2019-03-13","8"
"2019-03-13","2"
"2019-03-13","17"
"2019-03-13","1"
"2019-03-12","48"
"2019-03-12","3"
"2019-03-12","20"
"2019-03-12","8"
"2019-03-11","27"
"2019-03-11","4"
"2019-03-11","13"
"2019-03-10","2"
"2019-03-10","5"
"2019-03-09","20"
"2019-03-08","9"
"2019-03-08","23"
"2019-03-08","24"
"2019-03-08","0"
"2019-03-07","2"
"2019-03-07","30"
"2019-03-06","82"
"2019-03-06","3"
"2019-03-06","8"
"2019-03-05","6"
"2019-03-05","36"
"2019-03-05","12"
"2019-03-05","7"
"2019-03-05","13"
"2019-03-04","49"
"2019-03-04","8"
"2019-03-03","15"
"2019-03-02","2"
"2019-03-02","1"
"2019-03-01","11"
"2019-03-01","5"
"2019-03-01","36"
"2019-03-01","3"
"2019-02-28","61"
"2019-02-28","0"
"2019-02-28","3"
"2019-02-27","1"
"2019-02-27","41"
"2019-02-26","0"
"2019-02-26","5"
"2019-02-26","14"
"2019-02-26","20"
"2019-02-26","5"
"2019-02-25","11"
"2019-02-25","1"
"2019-02-25","29"
"2019-02-25","3"
"2019-02-25","2"
"2019-02-25","2"
"2019-02-25","12"
"2019-02-24","1"
"2019-02-24","2"
"2019-02-24","2"
"2019-02-24","4"
"2019-02-23","9"
"2019-02-23","4"
"2019-02-22","35"
"2019-02-21","23"
"2019-02-21","2"
"2019-02-21","14"
"2019-02-21","16"
"2019-02-21","15"
"2019-02-21","8"
"2019-02-20","2"
"2019-02-20","20"
"2019-02-20","6"
"2019-02-19","2"
"2019-02-19","2"
"2019-02-19","2"
"2019-02-19","8"
"2019-02-18","33"
"2019-02-17","4"
"2019-02-16","2"
"2019-02-16","29"
"2019-02-15","2"
"2019-02-15","16"
"2019-02-15","20"
"2019-02-15","8"
"2019-02-15","2"
"2019-02-14","3"
"2019-02-14","71"
"2019-02-14","2"
"2019-02-14","9"
"2019-02-14","6"
"2019-02-13","1"
"2019-02-13","2"
"2019-02-13","7"
"2019-02-13","21"
"2019-02-13","2"
"2019-02-13","2"
"2019-02-12","0"
"2019-02-12","2"
"2019-02-12","28"
"2019-02-12","5"
"2019-02-12","3"
"2019-02-12","2"
"2019-02-12","3"
"2019-02-12","26"
"2019-02-11","15"
"2019-02-11","0"
"2019-02-11","81"
"2019-02-11","3"
"2019-02-11","9"
"2019-02-11","3"
"2019-02-10","12"
"2019-02-10","3"
"2019-02-09","17"
"2019-02-08","26"
"2019-02-08","20"
"2019-02-08","11"
"2019-02-07","1"
"2019-02-07","10"
"2019-02-07","1"
"2019-02-07","0"
"2019-02-07","3"
"2019-02-07","0"
"2019-02-07","11"
"2019-02-07","2"
"2019-02-06","2"
"2019-02-06","40"
"2019-02-06","18"
"2019-02-05","11"
"2019-02-05","85"
"2019-02-05","3"
"2019-02-04","0"
"2019-02-04","9"
"2019-02-04","12"
"2019-02-03","6"
"2019-02-03","1"
"2019-02-02","6"
"2019-02-02","7"
"2019-02-02","6"
"2019-02-02","6"
"2019-02-01","2"
"2019-02-01","10"
"2019-02-01","33"
"2019-02-01","12"
"2019-02-01","0"
"2019-01-31","18"
"2019-01-31","0"
"2019-01-31","2"
"2019-01-31","3"
"2019-01-31","17"
"2019-01-31","2"
"2019-01-30","31"
"2019-01-30","2"
"2019-01-30","1"
"2019-01-30","9"
"2019-01-30","2"
"2019-01-30","0"
"2019-01-29","1"
"2019-01-29","23"
"2019-01-29","2"
"2019-01-29","5"
"2019-01-28","0"
"2019-01-28","0"
"2019-01-28","4"
"2019-01-28","10"
"2019-01-28","1"
"2019-01-28","23"
"2019-01-28","5"
"2019-01-28","13"
"2019-01-27","1"
"2019-01-27","3"
"2019-01-25","33"
"2019-01-25","3"
"2019-01-25","17"
"2019-01-25","2"
"2019-01-24","16"
"2019-01-24","7"
"2019-01-24","1"
"2019-01-24","5"
"2019-01-24","1"
"2019-01-23","3"
"2019-01-23","3"
"2019-01-23","3"
"2019-01-22","9"
"2019-01-22","16"
"2019-01-22","2"
"2019-01-22","0"
"2019-01-22","2"
"2019-01-22","7"
"2019-01-21","13"
"2019-01-21","7"
"2019-01-21","13"
"2019-01-21","1"
"2019-01-21","16"
"2019-01-20","1"
"2019-01-20","7"
"2019-01-20","9"
"2019-01-20","7"
"2019-01-20","9"
"2019-01-19","11"
"2019-01-19","9"
"2019-01-18","23"
"2019-01-18","0"
"2019-01-18","4"
"2019-01-17","27"
"2019-01-17","3"
"2019-01-17","10"
"2019-01-16","46"
"2019-01-16","2"
"2019-01-16","2"
"2019-01-16","22"
"2019-01-16","2"
"2019-01-16","0"
"2019-01-16","4"
"2019-01-15","2"
"2019-01-15","4"
"2019-01-14","0"
"2019-01-14","0"
"2019-01-14","21"
"2019-01-14","9"
"2019-01-13","26"
"2019-01-13","3"
"2019-01-13","2"
"2019-01-12","1"
"2019-01-12","3"
"2019-01-12","2"
"2019-01-11","7"
"2019-01-11","0"
"2019-01-11","24"
"2019-01-11","11"
"2019-01-11","4"
"2019-01-10","6"
"2019-01-10","2"
"2019-01-10","3"
"2019-01-10","2"
"2019-01-10","2"
"2019-01-10","9"
"2019-01-09","6"
"2019-01-09","7"
"2019-01-09","4"
"2019-01-09","0"
"2019-01-08","26"
"2019-01-08","2"
"2019-01-08","4"
"2019-01-07","0"
"2019-01-07","3"
"2019-01-07","25"
"2019-01-07","26"
"2019-01-07","4"
"2019-01-07","2"
"2019-01-06","18"
"2019-01-05","6"
"2019-01-05","2"
"2019-01-05","7"
"2019-01-05","5"
"2019-01-04","12"
"2019-01-04","2"
"2019-01-04","2"
"2019-01-03","7"
"2019-01-03","16"
"2019-01-02","4"
"2019-01-02","15"
"2019-01-02","5"
"2019-01-02","6"
"2019-01-01","4"
"2019-01-01","1"
"2019-01-01","4"
"2018-12-31","18"
"2018-12-30","2"
"2018-12-30","3"
"2018-12-30","12"
"2018-12-30","1"
"2018-12-30","14"
"2018-12-30","2"
"2018-12-30","8"
"2018-12-29","4"
"2018-12-29","2"
"2018-12-29","21"
"2018-12-28","0"
"2018-12-28","0"
"2018-12-28","3"
"2018-12-27","1"
"2018-12-27","16"
"2018-12-27","21"
"2018-12-27","22"
"2018-12-27","5"
"2018-12-27","1"
"2018-12-27","5"
"2018-12-24","3"
"2018-12-24","3"
"2018-12-23","1"
"2018-12-23","2"
"2018-12-23","4"
"2018-12-23","4"
"2018-12-23","11"
"2018-12-23","9"
"2018-12-23","2"
"2018-12-23","3"
"2018-12-22","13"
"2018-12-22","2"
"2018-12-21","20"
"2018-12-21","59"
"2018-12-21","3"
"2018-12-21","5"
"2018-12-21","16"
"2018-12-20","0"
"2018-12-20","3"
"2018-12-20","8"
"2018-12-20","80"
"2018-12-20","3"
"2018-12-20","2"
"2018-12-19","2"
"2018-12-19","15"
"2018-12-19","6"
"2018-12-19","16"
"2018-12-19","10"
"2018-12-19","2"
"2018-12-19","3"
"2018-12-19","11"
"2018-12-19","2"
"2018-12-19","9"
"2018-12-18","13"
"2018-12-18","3"
"2018-12-18","5"
"2018-12-18","9"
"2018-12-18","21"
"2018-12-17","12"
"2018-12-17","5"
"2018-12-17","6"
"2018-12-17","20"
"2018-12-17","11"
"2018-12-17","12"
"2018-12-16","8"
"2018-12-16","21"
"2018-12-16","12"
"2018-12-16","2"
"2018-12-15","9"
"2018-12-15","1"
"2018-12-14","3"
"2018-12-14","41"
"2018-12-14","2"
"2018-12-13","0"
"2018-12-13","4"
"2018-12-13","1"
"2018-12-13","11"
"2018-12-13","11"
"2018-12-12","4"
"2018-12-12","2"
"2018-12-12","6"
"2018-12-12","27"
"2018-12-12","2"
"2018-12-11","3"
"2018-12-11","3"
"2018-12-11","15"
"2018-12-11","3"
"2018-12-11","6"
"2018-12-11","35"
"2018-12-11","8"
"2018-12-11","8"
"2018-12-10","12"
"2018-12-10","3"
"2018-12-10","1"
"2018-12-10","3"
"2018-12-10","7"
"2018-12-10","6"
"2018-12-10","5"
"2018-12-09","9"
"2018-12-08","3"
"2018-12-07","12"
"2018-12-07","5"
"2018-12-07","20"
"2018-12-07","3"
"2018-12-07","3"
"2018-12-06","10"
"2018-12-06","0"
"2018-12-06","7"
"2018-12-05","45"
"2018-12-05","2"
"2018-12-05","10"
"2018-12-04","3"
"2018-12-04","8"
"2018-12-04","2"
"2018-12-03","30"
"2018-12-03","2"
"2018-12-03","2"
"2018-12-03","8"
"2018-12-03","0"
"2018-12-03","3"
"2018-12-02","11"
"2018-12-02","9"
"2018-12-02","2"
"2018-12-02","7"
"2018-11-30","1"
"2018-11-30","1"
"2018-11-28","62"
"2018-11-28","32"
"2018-11-28","5"
"2018-11-28","7"
"2018-11-28","7"
"2018-11-28","11"
"2018-11-28","8"
"2018-11-28","2"
"2018-11-28","2"
"2018-11-28","3"
"2018-11-28","2"
"2018-11-27","2"
"2018-11-27","23"
"2018-11-27","1"
"2018-11-27","0"
"2018-11-27","2"
"2018-11-26","18"
"2018-11-26","21"
"2018-11-26","2"
"2018-11-26","2"
"2018-11-26","10"
"2018-11-26","22"
"2018-11-26","5"
"2018-11-25","5"
"2018-11-24","7"
"2018-11-23","3"
"2018-11-22","2"
"2018-11-22","2"
"2018-11-22","4"
"2018-11-21","4"
"2018-11-21","8"
"2018-11-21","21"
"2018-11-21","20"
"2018-11-21","4"
"2018-11-21","1"
"2018-11-21","2"
"2018-11-20","2"
"2018-11-20","4"
"2018-11-20","3"
"2018-11-19","2"
"2018-11-19","4"
"2018-11-19","2"
"2018-11-19","2"
"2018-11-18","5"
"2018-11-18","2"
"2018-11-18","7"
"2018-11-18","3"
"2018-11-18","10"
"2018-11-18","7"
"2018-11-18","1"
"2018-11-17","2"
"2018-11-16","3"
"2018-11-16","6"
"2018-11-16","0"
"2018-11-16","3"
"2018-11-15","2"
"2018-11-15","2"
"2018-11-15","8"
"2018-11-15","21"
"2018-11-14","11"
"2018-11-14","13"
"2018-11-14","2"
"2018-11-14","3"
"2018-11-14","2"
"2018-11-13","12"
"2018-11-13","2"
"2018-11-13","0"
"2018-11-13","3"
"2018-11-13","1"
"2018-11-12","0"
"2018-11-12","8"
"2018-11-12","17"
"2018-11-11","0"
"2018-11-11","3"
"2018-11-11","2"
"2018-11-10","4"
"2018-11-10","28"
"2018-11-09","71"
"2018-11-09","8"
"2018-11-09","19"
"2018-11-09","2"
"2018-11-08","3"
"2018-11-08","3"
"2018-11-08","0"
"2018-11-08","65"
"2018-11-08","0"
"2018-11-07","1"
"2018-11-07","65"
"2018-11-07","5"
"2018-11-07","0"
"2018-11-07","2"
"2018-11-07","13"
"2018-11-06","35"
"2018-11-05","2"
"2018-11-05","14"
"2018-11-05","53"
"2018-11-05","3"
"2018-11-05","2"
"2018-11-05","2"
"2018-11-04","7"
"2018-11-04","7"
"2018-11-04","4"
"2018-11-04","21"
"2018-11-04","6"
"2018-11-02","2"
"2018-11-02","6"
"2018-11-02","28"
"2018-11-02","5"
"2018-11-02","2"
"2018-11-02","1"
"2018-11-01","12"
"2018-11-01","8"
"2018-11-01","10"
"2018-11-01","10"
"2018-10-31","14"
"2018-10-31","2"
"2018-10-31","27"
"2018-10-31","7"
"2018-10-31","3"
"2018-10-31","8"
"2018-10-30","10"
"2018-10-30","3"
"2018-10-30","27"
"2018-10-30","13"
"2018-10-30","149"
"2018-10-30","78"
"2018-10-30","32"
"2018-10-30","16"
"2018-10-30","9"
"2018-10-30","17"
"2018-10-30","30"
"2018-10-30","46"
"2018-10-29","34"
"2018-10-29","2"
"2018-10-29","8"
"2018-10-29","142"
"2018-10-29","12"
"2018-10-29","15"
"2018-10-29","30"
"2018-10-29","17"
"2018-10-29","7"
"2018-10-29","5"
"2018-10-29","58"
"2018-10-29","21"
"2018-10-29","3"
"2018-10-28","21"
"2018-10-28","28"
"2018-10-28","17"
"2018-10-28","5"
"2018-10-28","8"
"2018-10-27","21"
"2018-10-27","4"
"2018-10-27","26"
"2018-10-26","37"
"2018-10-26","2"
"2018-10-26","23"
"2018-10-26","27"
"2018-10-25","6"
"2018-10-25","20"
"2018-10-25","5"
"2018-10-25","4"
"2018-10-25","4"
"2018-10-24","10"
"2018-10-24","2"
"2018-10-24","13"
"2018-10-24","4"
"2018-10-24","13"
"2018-10-24","29"
"2018-10-24","3"
"2018-10-24","7"
"2018-10-24","8"
"2018-10-23","51"
"2018-10-23","4"
"2018-10-23","4"
"2018-10-23","16"
"2018-10-23","11"
"2018-10-23","11"
"2018-10-23","20"
"2018-10-23","17"
"2018-10-23","2"
"2018-10-23","3"
"2018-10-22","40"
"2018-10-22","17"
"2018-10-22","19"
"2018-10-21","13"
"2018-10-21","2"
"2018-10-21","2"
"2018-10-19","7"
"2018-10-19","5"
"2018-10-19","69"
"2018-10-19","13"
"2018-10-19","0"
"2018-10-18","5"
"2018-10-18","2"
"2018-10-18","5"
"2018-10-18","9"
"2018-10-18","6"
"2018-10-18","11"
"2018-10-17","54"
"2018-10-17","5"
"2018-10-17","1"
"2018-10-17","8"
"2018-10-17","2"
"2018-10-16","7"
"2018-10-16","12"
"2018-10-16","2"
"2018-10-16","18"
"2018-10-15","47"
"2018-10-15","7"
"2018-10-14","13"
"2018-10-14","2"
"2018-10-14","0"
"2018-10-13","2"
"2018-10-13","6"
"2018-10-13","2"
"2018-10-12","2"
"2018-10-12","6"
"2018-10-12","16"
"2018-10-12","1"
"2018-10-12","2"
"2018-10-11","9"
"2018-10-11","7"
"2018-10-11","2"
"2018-10-11","11"
"2018-10-11","2"
"2018-10-11","4"
"2018-10-11","4"
"2018-10-11","4"
"2018-10-11","2"
"2018-10-11","4"
"2018-10-10","4"
"2018-10-10","1"
"2018-10-10","0"
"2018-10-10","6"
"2018-10-10","75"
"2018-10-10","4"
"2018-10-10","2"
"2018-10-09","7"
"2018-10-09","21"
"2018-10-09","75"
"2018-10-09","3"
"2018-10-09","5"
"2018-10-09","7"
"2018-10-09","2"
"2018-10-09","7"
"2018-10-09","8"
"2018-10-08","40"
"2018-10-08","12"
"2018-10-08","5"
"2018-10-07","11"
"2018-10-07","12"
"2018-10-07","3"
"2018-10-07","7"
"2018-10-06","13"
"2018-10-06","2"
"2018-10-05","5"
"2018-10-05","6"
"2018-10-05","2"
"2018-10-04","3"
"2018-10-04","16"
"2018-10-04","21"
"2018-10-04","9"
"2018-10-04","4"
"2018-10-04","6"
"2018-10-03","5"
"2018-10-03","11"
"2018-10-03","113"
"2018-10-03","9"
"2018-10-03","8"
"2018-10-03","5"
"2018-10-03","3"
"2018-10-02","21"
"2018-10-02","4"
"2018-10-01","6"
"2018-10-01","3"
"2018-10-01","4"
"2018-10-01","2"
"2018-10-01","10"
"2018-10-01","2"
"2018-10-01","4"
"2018-10-01","11"
"2018-09-30","6"
"2018-09-30","14"
"2018-09-29","14"
"2018-09-29","0"
"2018-09-28","17"
"2018-09-28","7"
"2018-09-28","1"
"2018-09-28","23"
"2018-09-28","10"
"2018-09-28","3"
"2018-09-28","2"
"2018-09-27","7"
"2018-09-27","8"
"2018-09-27","3"
"2018-09-27","103"
"2018-09-27","13"
"2018-09-27","5"
"2018-09-27","19"
"2018-09-27","5"
"2018-09-27","7"
"2018-09-26","38"
"2018-09-26","4"
"2018-09-26","7"
"2018-09-26","4"
"2018-09-26","0"
"2018-09-26","2"
"2018-09-25","7"
"2018-09-25","7"
"2018-09-25","4"
"2018-09-25","0"
"2018-09-25","0"
"2018-09-25","0"
"2018-09-24","2"
"2018-09-24","10"
"2018-09-24","21"
"2018-09-24","2"
"2018-09-24","3"
"2018-09-23","22"
"2018-09-23","3"
"2018-09-22","6"
"2018-09-21","9"
"2018-09-21","21"
"2018-09-21","15"
"2018-09-20","1"
"2018-09-20","2"
"2018-09-20","10"
"2018-09-20","11"
"2018-09-19","3"
"2018-09-19","10"
"2018-09-19","6"
"2018-09-19","18"
"2018-09-19","2"
"2018-09-19","2"
"2018-09-19","2"
"2018-09-19","4"
"2018-09-19","11"
"2018-09-18","2"
"2018-09-18","10"
"2018-09-18","3"
"2018-09-18","1"
"2018-09-18","2"
"2018-09-18","11"
"2018-09-17","5"
"2018-09-17","13"
"2018-09-17","50"
"2018-09-17","9"
"2018-09-17","5"
"2018-09-17","27"
"2018-09-16","7"
"2018-09-16","13"
"2018-09-16","2"
"2018-09-16","2"
"2018-09-16","9"
"2018-09-16","12"
"2018-09-15","6"
"2018-09-14","8"
"2018-09-14","10"
"2018-09-14","4"
"2018-09-14","23"
"2018-09-14","0"
"2018-09-13","4"
"2018-09-13","14"
"2018-09-13","0"
"2018-09-13","35"
"2018-09-13","5"
"2018-09-13","4"
"2018-09-13","6"
"2018-09-13","8"
"2018-09-13","2"
"2018-09-12","12"
"2018-09-12","8"
"2018-09-12","2"
"2018-09-12","15"
"2018-09-12","2"
"2018-09-12","48"
"2018-09-11","3"
"2018-09-11","1"
"2018-09-11","5"
"2018-09-11","2"
"2018-09-11","2"
"2018-09-11","2"
"2018-09-11","1"
"2018-09-10","1"
"2018-09-10","2"
"2018-09-10","9"
"2018-09-10","13"
"2018-09-09","1"
"2018-09-09","5"
"2018-09-09","10"
"2018-09-09","1"
"2018-09-09","5"
"2018-09-09","2"
"2018-09-09","22"
"2018-09-08","4"
"2018-09-08","3"
"2018-09-07","15"
"2018-09-07","5"
"2018-09-07","12"
"2018-09-07","3"
"2018-09-07","1"
"2018-09-06","40"
"2018-09-06","3"
"2018-09-06","16"
"2018-09-06","9"
"2018-09-06","6"
"2018-09-05","2"
"2018-09-05","9"
"2018-09-05","2"
"2018-09-05","2"
"2018-09-05","6"
"2018-09-05","5"
"2018-09-05","10"
"2018-09-05","4"
"2018-09-05","19"
"2018-09-05","10"
"2018-09-05","3"
"2018-09-05","4"
"2018-09-05","19"
"2018-09-04","5"
"2018-09-04","18"
"2018-09-04","0"
"2018-09-03","12"
"2018-09-03","2"
"2018-09-03","11"
"2018-09-03","0"
"2018-09-03","8"
"2018-09-02","1"
"2018-09-02","1"
"2018-09-01","2"
"2018-09-01","14"
"2018-09-01","8"
"2018-08-30","7"
"2018-08-30","5"
"2018-08-30","2"
"2018-08-30","3"
"2018-08-30","1"
"2018-08-30","6"
"2018-08-30","10"
"2018-08-30","3"
"2018-08-30","2"
"2018-08-29","5"
"2018-08-29","4"
"2018-08-29","6"
"2018-08-29","16"
"2018-08-29","19"
"2018-08-29","49"
"2018-08-29","0"
"2018-08-29","8"
"2018-08-28","33"
"2018-08-28","19"
"2018-08-28","16"
"2018-08-28","15"
"2018-08-28","5"
"2018-08-27","1"
"2018-08-26","2"
"2018-08-26","3"
"2018-08-26","15"
"2018-08-24","17"
"2018-08-24","38"
"2018-08-23","2"
"2018-08-23","37"
"2018-08-23","6"
"2018-08-23","2"
"2018-08-23","5"
"2018-08-22","2"
"2018-08-22","2"
"2018-08-22","18"
"2018-08-22","26"
"2018-08-22","16"
"2018-08-22","1"
"2018-08-22","19"
"2018-08-21","2"
"2018-08-21","3"
"2018-08-21","31"
"2018-08-21","7"
"2018-08-21","8"
"2018-08-21","80"
"2018-08-21","2"
"2018-08-21","3"
"2018-08-20","2"
"2018-08-20","2"
"2018-08-20","2"
"2018-08-20","4"
"2018-08-20","54"
"2018-08-20","6"
"2018-08-20","14"
"2018-08-20","9"
"2018-08-20","12"
"2018-08-20","6"
"2018-08-19","17"
"2018-08-19","6"
"2018-08-18","3"
"2018-08-18","5"
"2018-08-18","0"
"2018-08-17","12"
"2018-08-17","14"
"2018-08-17","5"
"2018-08-16","3"
"2018-08-16","44"
"2018-08-16","6"
"2018-08-16","4"
"2018-08-16","1"
"2018-08-16","4"
"2018-08-15","1"
"2018-08-15","2"
"2018-08-15","2"
"2018-08-14","7"
"2018-08-14","1"
"2018-08-14","2"
"2018-08-14","4"
"2018-08-13","11"
"2018-08-13","3"
"2018-08-13","5"
"2018-08-13","1"
"2018-08-13","4"
"2018-08-13","2"
"2018-08-13","2"
"2018-08-13","2"
"2018-08-13","11"
"2018-08-12","4"
"2018-08-12","2"
"2018-08-12","7"
"2018-08-12","9"
"2018-08-12","11"
"2018-08-12","7"
"2018-08-12","15"
"2018-08-12","0"
"2018-08-11","4"
"2018-08-10","4"
"2018-08-10","5"
"2018-08-10","53"
"2018-08-10","4"
"2018-08-09","6"
"2018-08-08","5"
"2018-08-08","1"
"2018-08-08","2"
"2018-08-08","4"
"2018-08-08","3"
"2018-08-08","0"
"2018-08-07","8"
"2018-08-07","37"
"2018-08-07","2"
"2018-08-06","4"
"2018-08-06","0"
"2018-08-06","16"
"2018-08-06","22"
"2018-08-06","3"
"2018-08-06","3"
"2018-08-05","16"
"2018-08-05","6"
"2018-08-04","8"
"2018-08-03","7"
"2018-08-03","2"
"2018-08-03","2"
"2018-08-03","5"
"2018-08-03","6"
"2018-08-02","5"
"2018-08-02","4"
"2018-08-02","8"
"2018-08-02","2"
"2018-08-02","14"
"2018-08-02","33"
"2018-08-01","31"
"2018-08-01","28"
"2018-08-01","11"
"2018-07-31","3"
"2018-07-31","3"
"2018-07-31","36"
"2018-07-31","2"
"2018-07-30","7"
"2018-07-30","48"
"2018-07-30","0"
"2018-07-29","7"
"2018-07-29","9"
"2018-07-29","7"
"2018-07-29","3"
"2018-07-28","11"
"2018-07-28","9"
"2018-07-27","12"
"2018-07-27","54"
"2018-07-27","24"
"2018-07-26","2"
"2018-07-26","6"
"2018-07-26","2"
"2018-07-26","3"
"2018-07-25","6"
"2018-07-25","2"
"2018-07-25","3"
"2018-07-25","4"
"2018-07-24","6"
"2018-07-24","3"
"2018-07-24","10"
"2018-07-24","10"
"2018-07-24","7"
"2018-07-24","17"
"2018-07-24","7"
"2018-07-24","3"
"2018-07-24","3"
"2018-07-24","2"
"2018-07-23","6"
"2018-07-23","5"
"2018-07-22","20"
"2018-07-22","0"
"2018-07-21","16"
"2018-07-20","7"
"2018-07-20","2"
"2018-07-20","17"
"2018-07-20","2"
"2018-07-20","9"
"2018-07-19","17"
"2018-07-19","3"
"2018-07-19","2"
"2018-07-19","3"
"2018-07-18","4"
"2018-07-18","24"
"2018-07-18","16"
"2018-07-18","3"
"2018-07-18","2"
"2018-07-17","66"
"2018-07-17","19"
"2018-07-17","7"
"2018-07-17","0"
"2018-07-16","33"
"2018-07-16","0"
"2018-07-16","3"
"2018-07-16","8"
"2018-07-15","10"
"2018-07-15","5"
"2018-07-15","0"
"2018-07-13","5"
"2018-07-13","2"
"2018-07-13","0"
"2018-07-13","34"
"2018-07-13","2"
"2018-07-13","12"
"2018-07-12","1"
"2018-07-12","2"
"2018-07-12","56"
"2018-07-12","2"
"2018-07-12","9"
"2018-07-12","9"
"2018-07-11","6"
"2018-07-11","6"
"2018-07-11","0"
"2018-07-10","3"
"2018-07-10","76"
"2018-07-10","2"
"2018-07-10","4"
"2018-07-09","12"
"2018-07-08","1"
"2018-07-08","11"
"2018-07-08","2"
"2018-07-07","10"
"2018-07-07","2"
"2018-07-06","34"
"2018-07-06","2"
"2018-07-06","11"
"2018-07-05","8"
"2018-07-05","3"
"2018-07-04","2"
"2018-07-04","28"
"2018-07-04","16"
"2018-07-04","1"
"2018-07-04","2"
"2018-07-04","2"
"2018-07-03","12"
"2018-07-03","33"
"2018-07-03","4"
"2018-07-03","1"
"2018-07-03","4"
"2018-07-02","4"
"2018-07-02","19"
"2018-07-02","6"
"2018-07-02","43"
"2018-07-02","2"
"2018-07-02","1"
"2018-07-01","13"
"2018-07-01","2"
"2018-07-01","1"
"2018-06-30","1"
"2018-06-29","10"
"2018-06-29","38"
"2018-06-29","0"
"2018-06-29","2"
"2018-06-28","0"
"2018-06-28","8"
"2018-06-28","2"
"2018-06-28","7"
"2018-06-28","7"
"2018-06-27","2"
"2018-06-26","15"
"2018-06-26","4"
"2018-06-26","15"
"2018-06-26","2"
"2018-06-25","10"
"2018-06-25","0"
"2018-06-25","0"
"2018-06-24","5"
"2018-06-24","4"
"2018-06-24","13"
"2018-06-24","2"
"2018-06-23","2"
"2018-06-23","25"
"2018-06-23","2"
"2018-06-22","2"
"2018-06-22","7"
"2018-06-22","6"
"2018-06-22","2"
"2018-06-22","2"
"2018-06-21","73"
"2018-06-21","13"
"2018-06-21","4"
"2018-06-21","4"
"2018-06-20","4"
"2018-06-20","26"
"2018-06-20","3"
"2018-06-20","7"
"2018-06-20","12"
"2018-06-19","2"
"2018-06-19","33"
"2018-06-19","8"
"2018-06-19","2"
"2018-06-19","37"
"2018-06-19","2"
"2018-06-19","12"
"2018-06-18","9"
"2018-06-18","20"
"2018-06-18","5"
"2018-06-18","0"
"2018-06-17","1"
"2018-06-17","5"
"2018-06-17","6"
"2018-06-17","5"
"2018-06-16","0"
"2018-06-16","5"
"2018-06-16","19"
"2018-06-16","10"
"2018-06-15","4"
"2018-06-15","15"
"2018-06-15","3"
"2018-06-14","26"
"2018-06-14","2"
"2018-06-13","2"
"2018-06-13","0"
"2018-06-13","4"
"2018-06-13","4"
"2018-06-13","5"
"2018-06-13","15"
"2018-06-13","2"
"2018-06-12","6"
"2018-06-12","2"
"2018-06-12","3"
"2018-06-12","4"
"2018-06-12","7"
"2018-06-11","1"
"2018-06-11","2"
"2018-06-11","5"
"2018-06-11","2"
"2018-06-11","6"
"2018-06-10","0"
"2018-06-10","10"
"2018-06-10","11"
"2018-06-09","3"
"2018-06-09","7"
"2018-06-09","2"
"2018-06-08","12"
"2018-06-08","7"
"2018-06-08","5"
"2018-06-08","3"
"2018-06-08","2"
"2018-06-07","1"
"2018-06-07","16"
"2018-06-07","8"
"2018-06-07","6"
"2018-06-07","1"
"2018-06-06","2"
"2018-06-05","10"
"2018-06-05","23"
"2018-06-05","0"
"2018-06-05","2"
"2018-06-05","2"
"2018-06-04","0"
"2018-06-04","20"
"2018-06-04","4"
"2018-06-04","2"
"2018-06-04","2"
"2018-06-04","6"
"2018-06-03","0"
"2018-06-03","7"
"2018-06-03","16"
"2018-06-03","4"
"2018-06-03","5"
"2018-06-03","3"
"2018-06-02","7"
"2018-06-01","0"
"2018-06-01","0"
"2018-06-01","2"
"2018-06-01","9"
"2018-06-01","12"
"2018-05-31","6"
"2018-05-31","1"
"2018-05-31","4"
"2018-05-31","0"
"2018-05-30","3"
"2018-05-30","8"
"2018-05-30","29"
"2018-05-30","4"
"2018-05-30","3"
"2018-05-30","19"
"2018-05-30","2"
"2018-05-30","5"
"2018-05-30","3"
"2018-05-30","4"
"2018-05-29","0"
"2018-05-29","2"
"2018-05-29","2"
"2018-05-29","18"
"2018-05-29","7"
"2018-05-29","16"
"2018-05-29","17"
"2018-05-29","6"
"2018-05-27","4"
"2018-05-27","2"
"2018-05-27","0"
"2018-05-27","3"
"2018-05-26","10"
"2018-05-25","2"
"2018-05-25","19"
"2018-05-25","88"
"2018-05-25","9"
"2018-05-24","2"
"2018-05-24","2"
"2018-05-24","0"
"2018-05-24","10"
"2018-05-23","20"
"2018-05-23","15"
"2018-05-23","2"
"2018-05-23","1"
"2018-05-22","8"
"2018-05-22","0"
"2018-05-22","7"
"2018-05-21","10"
"2018-05-21","32"
"2018-05-21","2"
"2018-05-21","4"
"2018-05-20","5"
"2018-05-20","13"
"2018-05-20","1"
"2018-05-19","5"
"2018-05-19","2"
"2018-05-18","5"
"2018-05-18","12"
"2018-05-17","2"
"2018-05-16","6"
"2018-05-16","19"
"2018-05-16","4"
"2018-05-15","2"
"2018-05-14","6"
"2018-05-14","2"
"2018-05-14","3"
"2018-05-14","2"
"2018-05-13","2"
"2018-05-13","7"
"2018-05-13","9"
"2018-05-12","11"
"2018-05-11","12"
"2018-05-11","1"
"2018-05-10","4"
"2018-05-10","7"
"2018-05-09","7"
"2018-05-09","12"
"2018-05-09","2"
"2018-05-09","9"
"2018-05-09","16"
"2018-05-09","4"
"2018-05-09","14"
"2018-05-08","1"
"2018-05-08","12"
"2018-05-08","2"
"2018-05-06","26"
"2018-05-06","3"
"2018-05-06","4"
"2018-05-05","2"
"2018-05-04","5"
"2018-05-04","3"
"2018-05-04","17"
"2018-05-04","4"
"2018-05-04","3"
"2018-05-04","4"
"2018-05-04","9"
"2018-05-03","14"
"2018-05-03","7"
"2018-05-03","35"
"2018-05-03","2"
"2018-05-02","2"
"2018-05-02","2"
"2018-05-01","11"
"2018-05-01","8"
"2018-04-30","2"
"2018-04-30","1"
"2018-04-29","8"
"2018-04-28","2"
"2018-04-28","10"
"2018-04-27","2"
"2018-04-27","2"
"2018-04-27","69"
"2018-04-27","14"
"2018-04-27","3"
"2018-04-27","1"
"2018-04-27","4"
"2018-04-27","31"
"2018-04-26","8"
"2018-04-26","1"
"2018-04-26","0"
"2018-04-26","1"
"2018-04-26","22"
"2018-04-26","3"
"2018-04-26","17"
"2018-04-26","10"
"2018-04-26","6"
"2018-04-26","0"
"2018-04-25","10"
"2018-04-25","5"
"2018-04-25","0"
"2018-04-24","24"
"2018-04-23","6"
"2018-04-22","23"
"2018-04-22","1"
"2018-04-22","4"
"2018-04-22","5"
"2018-04-22","8"
"2018-04-22","5"
"2018-04-20","23"
"2018-04-20","8"
"2018-04-20","5"
"2018-04-20","5"
"2018-04-20","32"
"2018-04-19","5"
"2018-04-19","14"
"2018-04-19","6"
"2018-04-18","22"
"2018-04-18","2"
"2018-04-18","50"
"2018-04-18","17"
"2018-04-18","2"
"2018-04-17","2"
"2018-04-17","0"
"2018-04-17","2"
"2018-04-17","9"
"2018-04-17","9"
"2018-04-17","3"
"2018-04-16","44"
"2018-04-15","16"
"2018-04-15","9"
"2018-04-15","6"
"2018-04-14","2"
"2018-04-14","4"
"2018-04-14","16"
"2018-04-13","5"
"2018-04-13","29"
"2018-04-13","11"
"2018-04-13","1"
"2018-04-12","4"
"2018-04-12","20"
"2018-04-11","3"
"2018-04-11","6"
"2018-04-11","36"
"2018-04-11","3"
"2018-04-11","2"
"2018-04-11","15"
"2018-04-11","2"
"2018-04-10","4"
"2018-04-10","3"
"2018-04-10","22"
"2018-04-10","0"
"2018-04-10","2"
"2018-04-09","4"
"2018-04-09","6"
"2018-04-09","2"
"2018-04-09","32"
"2018-04-09","5"
"2018-04-09","3"
"2018-04-08","3"
"2018-04-08","0"
"2018-04-07","1"
"2018-04-07","2"
"2018-04-06","3"
"2018-04-06","2"
"2018-04-06","9"
"2018-04-06","3"
"2018-04-06","4"
"2018-04-06","4"
"2018-04-05","11"
"2018-04-05","6"
"2018-04-05","5"
"2018-04-05","2"
"2018-04-05","18"
"2018-04-05","5"
"2018-04-04","7"
"2018-04-04","7"
"2018-04-04","7"
"2018-04-04","4"
"2018-04-04","1"
"2018-04-03","6"
"2018-04-03","2"
"2018-04-03","2"
"2018-04-02","2"
"2018-04-02","3"
"2018-04-01","11"
"2018-04-01","1"
"2018-03-30","1"
"2018-03-29","2"
"2018-03-29","45"
"2018-03-29","12"
"2018-03-29","2"
"2018-03-29","2"
"2018-03-28","2"
"2018-03-28","47"
"2018-03-28","2"
"2018-03-28","12"
"2018-03-27","4"
"2018-03-27","19"
"2018-03-27","6"
"2018-03-27","21"
"2018-03-27","11"
"2018-03-27","5"
"2018-03-27","4"
"2018-03-26","4"
"2018-03-26","15"
"2018-03-26","40"
"2018-03-26","2"
"2018-03-26","2"
"2018-03-25","5"
"2018-03-25","7"
"2018-03-25","7"
"2018-03-25","1"
"2018-03-23","1"
"2018-03-23","20"
"2018-03-23","2"
"2018-03-23","2"
"2018-03-23","5"
"2018-03-22","9"
"2018-03-22","2"
"2018-03-22","0"
"2018-03-22","0"
"2018-03-22","16"
"2018-03-22","2"
"2018-03-22","4"
"2018-03-22","2"
"2018-03-21","48"
"2018-03-21","10"
"2018-03-21","2"
"2018-03-21","2"
"2018-03-20","0"
"2018-03-20","2"
"2018-03-20","14"
"2018-03-20","2"
"2018-03-20","4"
"2018-03-19","1"
"2018-03-19","4"
"2018-03-19","1"
"2018-03-19","8"
"2018-03-19","2"
"2018-03-18","2"
"2018-03-18","2"
"2018-03-18","5"
"2018-03-17","8"
"2018-03-17","9"
"2018-03-17","5"
"2018-03-16","12"
"2018-03-15","16"
"2018-03-15","24"
"2018-03-14","15"
"2018-03-14","3"
"2018-03-14","3"
"2018-03-14","22"
"2018-03-14","2"
"2018-03-14","5"
"2018-03-13","12"
"2018-03-13","5"
"2018-03-13","13"
"2018-03-13","4"
"2018-03-13","14"
"2018-03-13","56"
"2018-03-13","20"
"2018-03-13","5"
"2018-03-13","0"
"2018-03-13","0"
"2018-03-13","2"
"2018-03-13","17"
"2018-03-13","4"
"2018-03-13","5"
"2018-03-13","3"
"2018-03-12","19"
"2018-03-12","18"
"2018-03-12","1"
"2018-03-12","12"
"2018-03-11","10"
"2018-03-11","0"
"2018-03-11","25"
"2018-03-11","14"
"2018-03-11","15"
"2018-03-11","14"
"2018-03-11","1"
"2018-03-10","0"
"2018-03-10","3"
"2018-03-10","8"
"2018-03-10","3"
"2018-03-09","3"
"2018-03-09","29"
"2018-03-09","2"
"2018-03-09","10"
"2018-03-09","9"
"2018-03-09","2"
"2018-03-09","1"
"2018-03-09","1"
"2018-03-08","10"
"2018-03-08","9"
"2018-03-08","12"
"2018-03-08","3"
"2018-03-08","5"
"2018-03-08","2"
"2018-03-08","18"
"2018-03-07","2"
"2018-03-07","41"
"2018-03-07","1"
"2018-03-07","1"
"2018-03-07","3"
"2018-03-07","13"
"2018-03-06","2"
"2018-03-06","0"
"2018-03-06","30"
"2018-03-06","4"
"2018-03-06","4"
"2018-03-05","2"
"2018-03-05","23"
"2018-03-05","5"
"2018-03-05","8"
"2018-03-05","0"
"2018-03-05","6"
"2018-03-05","15"
"2018-03-05","18"
"2018-03-04","16"
"2018-03-04","5"
"2018-03-04","8"
"2018-03-04","21"
"2018-03-03","7"
"2018-03-03","11"
"2018-03-03","4"
"2018-03-02","6"
"2018-03-02","1"
"2018-03-02","1"
"2018-03-02","3"
"2018-03-01","2"
"2018-03-01","3"
"2018-02-28","19"
"2018-02-28","2"
"2018-02-28","2"
"2018-02-27","7"
"2018-02-27","3"
"2018-02-27","0"
"2018-02-27","4"
"2018-02-27","29"
"2018-02-27","13"
"2018-02-27","1"
"2018-02-27","0"
"2018-02-27","4"
"2018-02-27","1"
"2018-02-26","21"
"2018-02-26","2"
"2018-02-26","2"
"2018-02-26","0"
"2018-02-26","0"
"2018-02-25","3"
"2018-02-25","0"
"2018-02-23","2"
"2018-02-23","59"
"2018-02-23","17"
"2018-02-22","47"
"2018-02-22","20"
"2018-02-22","5"
"2018-02-22","10"
"2018-02-22","2"
"2018-02-22","0"
"2018-02-22","0"
"2018-02-22","5"
"2018-02-22","30"
"2018-02-21","40"
"2018-02-21","2"
"2018-02-20","2"
"2018-02-19","0"
"2018-02-19","2"
"2018-02-19","0"
"2018-02-19","0"
"2018-02-18","21"
"2018-02-18","15"
"2018-02-18","5"
"2018-02-16","2"
"2018-02-16","13"
"2018-02-16","8"
"2018-02-16","4"
"2018-02-16","2"
"2018-02-15","1"
"2018-02-15","5"
"2018-02-15","6"
"2018-02-15","10"
"2018-02-15","4"
"2018-02-15","1"
"2018-02-14","0"
"2018-02-14","2"
"2018-02-14","2"
"2018-02-14","12"
"2018-02-14","12"
"2018-02-14","6"
"2018-02-14","4"
"2018-02-13","18"
"2018-02-13","2"
"2018-02-12","13"
"2018-02-12","15"
"2018-02-12","2"
"2018-02-12","0"
"2018-02-11","1"
"2018-02-11","4"
"2018-02-11","5"
"2018-02-11","9"
"2018-02-10","10"
"2018-02-10","4"
"2018-02-09","2"
"2018-02-09","0"
"2018-02-09","2"
"2018-02-09","38"
"2018-02-09","13"
"2018-02-08","2"
"2018-02-08","2"
"2018-02-08","5"
"2018-02-08","2"
"2018-02-08","8"
"2018-02-08","10"
"2018-02-07","4"
"2018-02-07","2"
"2018-02-07","0"
"2018-02-07","5"
"2018-02-07","18"
"2018-02-06","3"
"2018-02-06","16"
"2018-02-06","2"
"2018-02-06","1"
"2018-02-06","2"
"2018-02-06","7"
"2018-02-06","5"
"2018-02-05","6"
"2018-02-05","10"
"2018-02-05","1"
"2018-02-05","4"
"2018-02-05","2"
"2018-02-04","3"
"2018-02-04","9"
"2018-02-03","2"
"2018-02-03","3"
"2018-02-03","0"
"2018-02-02","5"
"2018-02-02","2"
"2018-02-02","6"
"2018-02-02","2"
"2018-02-02","2"
"2018-02-01","10"
"2018-02-01","3"
"2018-02-01","2"
"2018-02-01","10"
"2018-02-01","3"
"2018-01-31","6"
"2018-01-31","3"
"2018-01-30","14"
"2018-01-30","2"
"2018-01-29","2"
"2018-01-29","19"
"2018-01-29","3"
"2018-01-29","2"
"2018-01-29","10"
"2018-01-29","2"
"2018-01-28","3"
"2018-01-28","6"
"2018-01-26","14"
"2018-01-26","16"
"2018-01-26","3"
"2018-01-26","7"
"2018-01-26","2"
"2018-01-25","27"
"2018-01-25","2"
"2018-01-25","5"
"2018-01-25","7"
"2018-01-25","5"
"2018-01-24","0"
"2018-01-24","16"
"2018-01-24","3"
"2018-01-24","3"
"2018-01-24","5"
"2018-01-24","16"
"2018-01-24","0"
"2018-01-24","3"
"2018-01-23","3"
"2018-01-23","36"
"2018-01-23","2"
"2018-01-23","5"
"2018-01-23","3"
"2018-01-23","8"
"2018-01-22","25"
"2018-01-22","11"
"2018-01-22","1"
"2018-01-22","3"
"2018-01-22","7"
"2018-01-22","12"
"2018-01-22","2"
"2018-01-22","6"
"2018-01-21","5"
"2018-01-21","0"
"2018-01-21","0"
"2018-01-21","11"
"2018-01-20","3"
"2018-01-20","2"
"2018-01-20","6"
"2018-01-20","0"
"2018-01-19","4"
"2018-01-19","48"
"2018-01-19","3"
"2018-01-19","6"
"2018-01-19","5"
"2018-01-19","5"
"2018-01-19","14"
"2018-01-18","12"
"2018-01-18","1"
"2018-01-18","10"
"2018-01-18","14"
"2018-01-18","2"
"2018-01-18","3"
"2018-01-18","2"
"2018-01-17","0"
"2018-01-17","18"
"2018-01-17","3"
"2018-01-17","1"
"2018-01-17","5"
"2018-01-17","4"
"2018-01-16","6"
"2018-01-16","8"
"2018-01-16","2"
"2018-01-16","4"
"2018-01-16","2"
"2018-01-16","4"
"2018-01-15","3"
"2018-01-15","7"
"2018-01-15","7"
"2018-01-15","40"
"2018-01-15","5"
"2018-01-15","0"
"2018-01-15","0"
"2018-01-14","2"
"2018-01-14","2"
"2018-01-14","9"
"2018-01-13","2"
"2018-01-13","1"
"2018-01-12","4"
"2018-01-11","0"
"2018-01-11","8"
"2018-01-11","2"
"2018-01-11","6"
"2018-01-11","2"
"2018-01-10","8"
"2018-01-10","0"
"2018-01-10","10"
"2018-01-10","2"
"2018-01-09","5"
"2018-01-09","3"
"2018-01-09","27"
"2018-01-09","2"
"2018-01-09","7"
"2018-01-08","2"
"2018-01-08","4"
"2018-01-08","1"
"2018-01-07","14"
"2018-01-07","4"
"2018-01-06","2"
"2018-01-05","23"
"2018-01-05","8"
"2018-01-05","2"
"2018-01-04","6"
"2018-01-04","12"
"2018-01-04","9"
"2018-01-04","5"
"2018-01-04","2"
"2018-01-04","1"
"2018-01-03","30"
"2018-01-03","2"
"2018-01-02","8"
"2018-01-02","0"
"2018-01-02","5"
"2018-01-02","8"
"2018-01-02","4"
"2018-01-02","8"
"2017-12-31","8"
"2017-12-31","14"
"2017-12-31","11"
"2017-12-31","7"
"2017-12-30","3"
"2017-12-30","4"
"2017-12-29","4"
"2017-12-29","10"
"2017-12-29","2"
"2017-12-29","9"
"2017-12-28","14"
"2017-12-28","2"
"2017-12-28","8"
"2017-12-28","8"
"2017-12-27","24"
"2017-12-27","8"
"2017-12-27","14"
"2017-12-27","3"
"2017-12-27","0"
"2017-12-26","3"
"2017-12-26","3"
"2017-12-26","2"
"2017-12-26","3"
"2017-12-26","5"
"2017-12-26","6"
"2017-12-26","0"
"2017-12-25","1"
"2017-12-25","0"
"2017-12-24","0"
"2017-12-24","4"
"2017-12-23","7"
"2017-12-23","3"
"2017-12-22","19"
"2017-12-21","11"
"2017-12-21","16"
"2017-12-21","42"
"2017-12-21","25"
"2017-12-21","3"
"2017-12-21","22"
"2017-12-20","3"
"2017-12-20","21"
"2017-12-20","17"
"2017-12-20","5"
"2017-12-20","41"
"2017-12-20","2"
"2017-12-20","5"
"2017-12-19","22"
"2017-12-18","5"
"2017-12-18","50"
"2017-12-18","2"
"2017-12-18","3"
"2017-12-18","2"
"2017-12-17","3"
"2017-12-17","4"
"2017-12-17","8"
"2017-12-17","4"
"2017-12-17","4"
"2017-12-17","4"
"2017-12-16","29"
"2017-12-16","1"
"2017-12-15","3"
"2017-12-15","1"
"2017-12-14","7"
"2017-12-14","13"
"2017-12-14","2"
"2017-12-13","2"
"2017-12-13","24"
"2017-12-13","6"
"2017-12-12","2"
"2017-12-12","4"
"2017-12-12","34"
"2017-12-12","4"
"2017-12-12","3"
"2017-12-12","4"
"2017-12-11","0"
"2017-12-11","5"
"2017-12-11","8"
"2017-12-11","2"
"2017-12-11","5"
"2017-12-11","14"
"2017-12-10","4"
"2017-12-10","15"
"2017-12-10","14"
"2017-12-10","2"
"2017-12-10","5"
"2017-12-09","5"
"2017-12-08","1"
"2017-12-08","2"
"2017-12-07","2"
"2017-12-07","2"
"2017-12-07","4"
"2017-12-07","4"
"2017-12-07","23"
"2017-12-07","2"
"2017-12-07","6"
"2017-12-06","7"
"2017-12-06","21"
"2017-12-06","4"
"2017-12-06","4"
"2017-12-06","4"
"2017-12-05","1"
"2017-12-05","2"
"2017-12-05","45"
"2017-12-05","2"
"2017-12-05","5"
"2017-12-05","10"
"2017-12-05","12"
"2017-12-05","9"
"2017-12-05","4"
"2017-12-04","32"
"2017-12-04","8"
"2017-12-04","3"
"2017-12-04","3"
"2017-12-04","4"
"2017-12-03","12"
"2017-12-03","7"
"2017-12-03","2"
"2017-12-03","8"
"2017-12-02","8"
"2017-12-02","2"
"2017-12-02","1"
"2017-12-01","2"
"2017-12-01","2"
"2017-12-01","6"
"2017-12-01","18"
"2017-11-30","12"
"2017-11-30","4"
"2017-11-30","12"
"2017-11-29","1"
"2017-11-29","8"
"2017-11-29","2"
"2017-11-29","1"
"2017-11-29","9"
"2017-11-28","17"
"2017-11-28","2"
"2017-11-28","32"
"2017-11-28","3"
"2017-11-28","30"
"2017-11-28","17"
"2017-11-27","7"
"2017-11-27","30"
"2017-11-27","9"
"2017-11-27","2"
"2017-11-26","1"
"2017-11-26","9"
"2017-11-26","19"
"2017-11-26","27"
"2017-11-26","17"
"2017-11-26","2"
"2017-11-25","2"
"2017-11-25","10"
"2017-11-24","6"
"2017-11-24","14"
"2017-11-24","7"
"2017-11-24","1"
"2017-11-24","1"
"2017-11-23","19"
"2017-11-23","5"
"2017-11-23","11"
"2017-11-23","11"
"2017-11-23","168"
"2017-11-23","54"
"2017-11-23","6"
"2017-11-23","3"
"2017-11-23","15"
"2017-11-23","4"
"2017-11-23","4"
"2017-11-23","9"
"2017-11-23","10"
"2017-11-23","1"
"2017-11-22","4"
"2017-11-22","5"
"2017-11-22","34"
"2017-11-22","24"
"2017-11-22","21"
"2017-11-22","105"
"2017-11-22","3"
"2017-11-22","14"
"2017-11-22","20"
"2017-11-22","5"
"2017-11-22","2"
"2017-11-22","4"
"2017-11-22","5"
"2017-11-22","9"
"2017-11-21","22"
"2017-11-21","27"
"2017-11-21","120"
"2017-11-21","5"
"2017-11-21","23"
"2017-11-21","4"
"2017-11-20","9"
"2017-11-20","27"
"2017-11-20","1"
"2017-11-20","3"
"2017-11-20","2"
"2017-11-20","8"
"2017-11-20","2"
"2017-11-20","2"
"2017-11-20","51"
"2017-11-20","25"
"2017-11-19","12"
"2017-11-19","20"
"2017-11-19","36"
"2017-11-19","2"
"2017-11-19","9"
"2017-11-19","5"
"2017-11-17","8"
"2017-11-17","16"
"2017-11-17","6"
"2017-11-17","4"
"2017-11-17","5"
"2017-11-17","0"
"2017-11-16","42"
"2017-11-16","2"
"2017-11-16","4"
"2017-11-16","11"
"2017-11-16","10"
"2017-11-16","3"
"2017-11-16","1"
"2017-11-16","6"
"2017-11-15","3"
"2017-11-15","5"
"2017-11-15","22"
"2017-11-15","2"
"2017-11-14","0"
"2017-11-14","2"
"2017-11-14","2"
"2017-11-14","1"
"2017-11-14","42"
"2017-11-14","19"
"2017-11-14","13"
"2017-11-14","60"
"2017-11-13","13"
"2017-11-13","2"
"2017-11-13","4"
"2017-11-13","2"
"2017-11-12","8"
"2017-11-12","2"
"2017-11-12","4"
"2017-11-12","7"
"2017-11-12","1"
"2017-11-12","1"
"2017-11-11","3"
"2017-11-11","23"
"2017-11-10","46"
"2017-11-10","8"
"2017-11-10","8"
"2017-11-10","16"
"2017-11-10","2"
"2017-11-09","42"
"2017-11-09","11"
"2017-11-09","4"
"2017-11-08","2"
"2017-11-08","4"
"2017-11-08","17"
"2017-11-08","0"
"2017-11-07","2"
"2017-11-07","2"
"2017-11-07","3"
"2017-11-07","11"
"2017-11-06","13"
"2017-11-06","2"
"2017-11-06","2"
"2017-11-06","0"
"2017-11-06","2"
"2017-11-05","7"
"2017-11-05","4"
"2017-11-04","6"
"2017-11-04","2"
"2017-11-03","4"
"2017-11-03","12"
"2017-11-03","29"
"2017-11-03","3"
"2017-11-03","12"
"2017-11-03","4"
"2017-11-02","7"
"2017-11-02","8"
"2017-11-02","4"
"2017-11-02","2"
"2017-11-02","67"
"2017-11-02","1"
"2017-11-02","19"
"2017-11-02","7"
"2017-11-02","6"
"2017-11-02","0"
"2017-11-02","2"
"2017-11-02","7"
"2017-11-02","2"
"2017-11-01","5"
"2017-11-01","30"
"2017-11-01","7"
"2017-11-01","18"
"2017-10-31","43"
"2017-10-31","21"
"2017-10-31","3"
"2017-10-31","2"
"2017-10-31","1"
"2017-10-30","2"
"2017-10-30","72"
"2017-10-30","2"
"2017-10-30","2"
"2017-10-30","27"
"2017-10-29","0"
"2017-10-29","2"
"2017-10-29","7"
"2017-10-29","7"
"2017-10-29","4"
"2017-10-29","3"
"2017-10-28","9"
"2017-10-28","24"
"2017-10-28","1"
"2017-10-28","4"
"2017-10-28","2"
"2017-10-28","5"
"2017-10-27","0"
"2017-10-27","12"
"2017-10-27","13"
"2017-10-27","2"
"2017-10-27","0"
"2017-10-27","3"
"2017-10-27","2"
"2017-10-27","15"
"2017-10-26","5"
"2017-10-26","2"
"2017-10-26","30"
"2017-10-26","18"
"2017-10-26","10"
"2017-10-26","7"
"2017-10-25","6"
"2017-10-25","55"
"2017-10-25","4"
"2017-10-25","16"
"2017-10-25","20"
"2017-10-25","4"
"2017-10-25","4"
"2017-10-25","12"
"2017-10-24","1"
"2017-10-24","31"
"2017-10-24","0"
"2017-10-24","5"
"2017-10-24","4"
"2017-10-24","1"
"2017-10-24","19"
"2017-10-24","5"
"2017-10-24","30"
"2017-10-24","2"
"2017-10-23","1"
"2017-10-23","4"
"2017-10-22","2"
"2017-10-22","2"
"2017-10-22","8"
"2017-10-22","9"
"2017-10-22","12"
"2017-10-21","6"
"2017-10-21","2"
"2017-10-20","8"
"2017-10-20","2"
"2017-10-19","11"
"2017-10-18","2"
"2017-10-18","30"
"2017-10-18","3"
"2017-10-18","10"
"2017-10-17","2"
"2017-10-17","9"
"2017-10-17","2"
"2017-10-17","2"
"2017-10-17","30"
"2017-10-17","2"
"2017-10-17","2"
"2017-10-17","2"
"2017-10-17","8"
"2017-10-17","5"
"2017-10-16","3"
"2017-10-16","24"
"2017-10-16","7"
"2017-10-16","2"
"2017-10-16","9"
"2017-10-15","2"
"2017-10-15","0"
"2017-10-15","5"
"2017-10-15","13"
"2017-10-15","2"
"2017-10-15","1"
"2017-10-14","5"
"2017-10-13","4"
"2017-10-13","10"
"2017-10-13","34"
"2017-10-13","1"
"2017-10-13","8"
"2017-10-12","14"
"2017-10-12","8"
"2017-10-12","9"
"2017-10-12","2"
"2017-10-12","2"
"2017-10-12","8"
"2017-10-11","8"
"2017-10-11","72"
"2017-10-11","0"
"2017-10-11","35"
"2017-10-11","6"
"2017-10-11","17"
"2017-10-11","12"
"2017-10-11","7"
"2017-10-10","12"
"2017-10-10","6"
"2017-10-10","11"
"2017-10-10","13"
"2017-10-10","2"
"2017-10-10","78"
"2017-10-10","0"
"2017-10-10","9"
"2017-10-10","4"
"2017-10-10","2"
"2017-10-09","10"
"2017-10-09","9"
"2017-10-09","7"
"2017-10-09","5"
"2017-10-09","6"
"2017-10-09","11"
"2017-10-09","9"
"2017-10-09","5"
"2017-10-08","2"
"2017-10-08","3"
"2017-10-08","10"
"2017-10-08","17"
"2017-10-08","5"
"2017-10-06","1"
"2017-10-06","10"
"2017-10-06","14"
"2017-10-06","5"
"2017-10-06","3"
"2017-10-06","4"
"2017-10-05","27"
"2017-10-05","3"
"2017-10-05","13"
"2017-10-04","6"
"2017-10-04","26"
"2017-10-04","3"
"2017-10-04","1"
"2017-10-03","2"
"2017-10-03","2"
"2017-10-03","8"
"2017-10-03","10"
"2017-10-02","21"
"2017-10-02","4"
"2017-10-02","8"
"2017-10-01","3"
"2017-10-01","7"
